-68 -69 -105 -60.6218 -101.5 -60.6218 -101.5 -58.6011
-66 -69 -98 -60.6218 -101.5 -58.6011 -101.5 -60.6218
-61 -69 -98 -60.6218 -94.5 -60.6218 -94.5 -58.6011
-59 -69 -91 -60.6218 -94.5 -58.6011 -94.5 -60.6218
-54 -69 -91 -60.6218 -87.5 -60.6218 -87.5 -58.6011
-52 -69 -84 -60.6218 -87.5 -58.6011 -87.5 -60.6218
-47 -69 -84 -60.6218 -80.5 -60.6218 -80.5 -58.6011
-45 -69 -77 -60.6218 -80.5 -58.6011 -80.5 -60.6218
-40 -69 -77 -60.6218 -73.5 -60.6218 -73.5 -58.6011
-38 -69 -70 -60.6218 -73.5 -58.6011 -73.5 -60.6218
-33 -69 -70 -60.6218 -66.5 -60.6218 -66.5 -58.6011
-31 -69 -63 -60.6218 -66.5 -58.6011 -66.5 -60.6218
-26 -69 -63 -60.6218 -59.5 -60.6218 -59.5 -58.6011
-24 -69 -56 -60.6218 -59.5 -58.6011 -59.5 -60.6218
-19 -69 -56 -60.6218 -52.5 -60.6218 -52.5 -58.6011
-17 -69 -49 -60.6218 -52.5 -58.6011 -52.5 -60.6218
-12 -69 -49 -60.6218 -45.5 -60.6218 -45.5 -58.6011
-10 -69 -42 -60.6218 -45.5 -58.6011 -45.5 -60.6218
-5 -69 -42 -60.6218 -38.5 -60.6218 -38.5 -58.6011
-3 -69 -35 -60.6218 -38.5 -58.6011 -38.5 -60.6218
2 -69 -35 -60.6218 -31.5 -60.6218 -31.5 -58.6011
4 -69 -28 -60.6218 -31.5 -58.6011 -31.5 -60.6218
9 -69 -28 -60.6218 -24.5 -60.6218 -24.5 -58.6011
11 -69 -21 -60.6218 -24.5 -58.6011 -24.5 -60.6218
16 -69 -21 -60.6218 -17.5 -60.6218 -17.5 -58.6011
18 -69 -14 -60.6218 -17.5 -58.6011 -17.5 -60.6218
23 -69 -14 -60.6218 -10.5 -60.6218 -10.5 -58.6011
25 -69 -7 -60.6218 -10.5 -58.6011 -10.5 -60.6218
30 -69 -7 -60.6218 -3.5 -60.6218 -3.5 -58.6011
32 -69 0 -60.6218 -3.5 -58.6011 -3.5 -60.6218
37 -69 0 -60.6218 3.5 -60.6218 3.5 -58.6011
39 -69 7 -60.6218 3.5 -58.6011 3.5 -60.6218
44 -69 7 -60.6218 10.5 -60.6218 10.5 -58.6011
46 -69 14 -60.6218 10.5 -58.6011 10.5 -60.6218
51 -69 14 -60.6218 17.5 -60.6218 17.5 -58.6011
53 -69 21 -60.6218 17.5 -58.6011 17.5 -60.6218
58 -69 21 -60.6218 24.5 -60.6218 24.5 -58.6011
60 -69 28 -60.6218 24.5 -58.6011 24.5 -60.6218
65 -69 28 -60.6218 31.5 -60.6218 31.5 -58.6011
67 -69 35 -60.6218 31.5 -58.6011 31.5 -60.6218
-69 -68 -101.5 -58.6011 -103.25 -57.5907 -105 -60.6218
-66 -68 -98 -60.6218 -99.75 -57.5907 -101.5 -58.6011
-62 -68 -94.5 -58.6011 -96.25 -57.5907 -98 -60.6218
-59 -68 -91 -60.6218 -92.75 -57.5907 -94.5 -58.6011
-55 -68 -87.5 -58.6011 -89.25 -57.5907 -91 -60.6218
-52 -68 -84 -60.6218 -85.75 -57.5907 -87.5 -58.6011
-48 -68 -80.5 -58.6011 -82.25 -57.5907 -84 -60.6218
-45 -68 -77 -60.6218 -78.75 -57.5907 -80.5 -58.6011
-41 -68 -73.5 -58.6011 -75.25 -57.5907 -77 -60.6218
-38 -68 -70 -60.6218 -71.75 -57.5907 -73.5 -58.6011
-34 -68 -66.5 -58.6011 -68.25 -57.5907 -70 -60.6218
-31 -68 -63 -60.6218 -64.75 -57.5907 -66.5 -58.6011
-27 -68 -59.5 -58.6011 -61.25 -57.5907 -63 -60.6218
-24 -68 -56 -60.6218 -57.75 -57.5907 -59.5 -58.6011
-20 -68 -52.5 -58.6011 -54.25 -57.5907 -56 -60.6218
-17 -68 -49 -60.6218 -50.75 -57.5907 -52.5 -58.6011
-13 -68 -45.5 -58.6011 -47.25 -57.5907 -49 -60.6218
-10 -68 -42 -60.6218 -43.75 -57.5907 -45.5 -58.6011
-6 -68 -38.5 -58.6011 -40.25 -57.5907 -42 -60.6218
-3 -68 -35 -60.6218 -36.75 -57.5907 -38.5 -58.6011
1 -68 -31.5 -58.6011 -33.25 -57.5907 -35 -60.6218
4 -68 -28 -60.6218 -29.75 -57.5907 -31.5 -58.6011
8 -68 -24.5 -58.6011 -26.25 -57.5907 -28 -60.6218
11 -68 -21 -60.6218 -22.75 -57.5907 -24.5 -58.6011
15 -68 -17.5 -58.6011 -19.25 -57.5907 -21 -60.6218
18 -68 -14 -60.6218 -15.75 -57.5907 -17.5 -58.6011
22 -68 -10.5 -58.6011 -12.25 -57.5907 -14 -60.6218
25 -68 -7 -60.6218 -8.75 -57.5907 -10.5 -58.6011
29 -68 -3.5 -58.6011 -5.25 -57.5907 -7 -60.6218
32 -68 0 -60.6218 -1.75 -57.5907 -3.5 -58.6011
36 -68 3.5 -58.6011 1.75 -57.5907 0 -60.6218
39 -68 7 -60.6218 5.25 -57.5907 3.5 -58.6011
43 -68 10.5 -58.6011 8.75 -57.5907 7 -60.6218
46 -68 14 -60.6218 12.25 -57.5907 10.5 -58.6011
50 -68 17.5 -58.6011 15.75 -57.5907 14 -60.6218
53 -68 21 -60.6218 19.25 -57.5907 17.5 -58.6011
57 -68 24.5 -58.6011 22.75 -57.5907 21 -60.6218
60 -68 28 -60.6218 26.25 -57.5907 24.5 -58.6011
64 -68 31.5 -58.6011 29.75 -57.5907 28 -60.6218
67 -68 35 -60.6218 33.25 -57.5907 31.5 -58.6011
-65 -67 -98 -60.6218 -98 -56.5803 -99.75 -57.5907
-64 -67 -98 -60.6218 -96.25 -57.5907 -98 -56.5803
-58 -67 -91 -60.6218 -91 -56.5803 -92.75 -57.5907
-57 -67 -91 -60.6218 -89.25 -57.5907 -91 -56.5803
-51 -67 -84 -60.6218 -84 -56.5803 -85.75 -57.5907
-50 -67 -84 -60.6218 -82.25 -57.5907 -84 -56.5803
-44 -67 -77 -60.6218 -77 -56.5803 -78.75 -57.5907
-43 -67 -77 -60.6218 -75.25 -57.5907 -77 -56.5803
-37 -67 -70 -60.6218 -70 -56.5803 -71.75 -57.5907
-36 -67 -70 -60.6218 -68.25 -57.5907 -70 -56.5803
-30 -67 -63 -60.6218 -63 -56.5803 -64.75 -57.5907
-29 -67 -63 -60.6218 -61.25 -57.5907 -63 -56.5803
-23 -67 -56 -60.6218 -56 -56.5803 -57.75 -57.5907
-22 -67 -56 -60.6218 -54.25 -57.5907 -56 -56.5803
-16 -67 -49 -60.6218 -49 -56.5803 -50.75 -57.5907
-15 -67 -49 -60.6218 -47.25 -57.5907 -49 -56.5803
-9 -67 -42 -60.6218 -42 -56.5803 -43.75 -57.5907
-8 -67 -42 -60.6218 -40.25 -57.5907 -42 -56.5803
-2 -67 -35 -60.6218 -35 -56.5803 -36.75 -57.5907
-1 -67 -35 -60.6218 -33.25 -57.5907 -35 -56.5803
5 -67 -28 -60.6218 -28 -56.5803 -29.75 -57.5907
6 -67 -28 -60.6218 -26.25 -57.5907 -28 -56.5803
12 -67 -21 -60.6218 -21 -56.5803 -22.75 -57.5907
13 -67 -21 -60.6218 -19.25 -57.5907 -21 -56.5803
19 -67 -14 -60.6218 -14 -56.5803 -15.75 -57.5907
20 -67 -14 -60.6218 -12.25 -57.5907 -14 -56.5803
26 -67 -7 -60.6218 -7 -56.5803 -8.75 -57.5907
27 -67 -7 -60.6218 -5.25 -57.5907 -7 -56.5803
33 -67 0 -60.6218 0 -56.5803 -1.75 -57.5907
34 -67 0 -60.6218 1.75 -57.5907 0 -56.5803
40 -67 7 -60.6218 7 -56.5803 5.25 -57.5907
41 -67 7 -60.6218 8.75 -57.5907 7 -56.5803
47 -67 14 -60.6218 14 -56.5803 12.25 -57.5907
48 -67 14 -60.6218 15.75 -57.5907 14 -56.5803
54 -67 21 -60.6218 21 -56.5803 19.25 -57.5907
55 -67 21 -60.6218 22.75 -57.5907 21 -56.5803
61 -67 28 -60.6218 28 -56.5803 26.25 -57.5907
62 -67 28 -60.6218 29.75 -57.5907 28 -56.5803
68 -67 35 -60.6218 35 -56.5803 33.25 -57.5907
69 -67 35 -60.6218 36.75 -57.5907 35 -56.5803
-69 -66 -101.5 -54.5596 -103.25 -57.5907 -101.5 -58.6011
-68 -66 -101.5 -54.5596 -101.5 -58.6011 -99.75 -57.5907
-62 -66 -94.5 -54.5596 -96.25 -57.5907 -94.5 -58.6011
-61 -66 -94.5 -54.5596 -94.5 -58.6011 -92.75 -57.5907
-55 -66 -87.5 -54.5596 -89.25 -57.5907 -87.5 -58.6011
-54 -66 -87.5 -54.5596 -87.5 -58.6011 -85.75 -57.5907
-48 -66 -80.5 -54.5596 -82.25 -57.5907 -80.5 -58.6011
-47 -66 -80.5 -54.5596 -80.5 -58.6011 -78.75 -57.5907
-41 -66 -73.5 -54.5596 -75.25 -57.5907 -73.5 -58.6011
-40 -66 -73.5 -54.5596 -73.5 -58.6011 -71.75 -57.5907
-34 -66 -66.5 -54.5596 -68.25 -57.5907 -66.5 -58.6011
-33 -66 -66.5 -54.5596 -66.5 -58.6011 -64.75 -57.5907
-27 -66 -59.5 -54.5596 -61.25 -57.5907 -59.5 -58.6011
-26 -66 -59.5 -54.5596 -59.5 -58.6011 -57.75 -57.5907
-20 -66 -52.5 -54.5596 -54.25 -57.5907 -52.5 -58.6011
-19 -66 -52.5 -54.5596 -52.5 -58.6011 -50.75 -57.5907
-13 -66 -45.5 -54.5596 -47.25 -57.5907 -45.5 -58.6011
-12 -66 -45.5 -54.5596 -45.5 -58.6011 -43.75 -57.5907
-6 -66 -38.5 -54.5596 -40.25 -57.5907 -38.5 -58.6011
-5 -66 -38.5 -54.5596 -38.5 -58.6011 -36.75 -57.5907
1 -66 -31.5 -54.5596 -33.25 -57.5907 -31.5 -58.6011
2 -66 -31.5 -54.5596 -31.5 -58.6011 -29.75 -57.5907
8 -66 -24.5 -54.5596 -26.25 -57.5907 -24.5 -58.6011
9 -66 -24.5 -54.5596 -24.5 -58.6011 -22.75 -57.5907
15 -66 -17.5 -54.5596 -19.25 -57.5907 -17.5 -58.6011
16 -66 -17.5 -54.5596 -17.5 -58.6011 -15.75 -57.5907
22 -66 -10.5 -54.5596 -12.25 -57.5907 -10.5 -58.6011
23 -66 -10.5 -54.5596 -10.5 -58.6011 -8.75 -57.5907
29 -66 -3.5 -54.5596 -5.25 -57.5907 -3.5 -58.6011
30 -66 -3.5 -54.5596 -3.5 -58.6011 -1.75 -57.5907
36 -66 3.5 -54.5596 1.75 -57.5907 3.5 -58.6011
37 -66 3.5 -54.5596 3.5 -58.6011 5.25 -57.5907
43 -66 10.5 -54.5596 8.75 -57.5907 10.5 -58.6011
44 -66 10.5 -54.5596 10.5 -58.6011 12.25 -57.5907
50 -66 17.5 -54.5596 15.75 -57.5907 17.5 -58.6011
51 -66 17.5 -54.5596 17.5 -58.6011 19.25 -57.5907
57 -66 24.5 -54.5596 22.75 -57.5907 24.5 -58.6011
58 -66 24.5 -54.5596 24.5 -58.6011 26.25 -57.5907
64 -66 31.5 -54.5596 29.75 -57.5907 31.5 -58.6011
65 -66 31.5 -54.5596 31.5 -58.6011 33.25 -57.5907
-67 -65 -101.5 -54.5596 -99.75 -57.5907 -98 -56.5803
-64 -65 -94.5 -54.5596 -98 -56.5803 -96.25 -57.5907
-60 -65 -94.5 -54.5596 -92.75 -57.5907 -91 -56.5803
-57 -65 -87.5 -54.5596 -91 -56.5803 -89.25 -57.5907
-53 -65 -87.5 -54.5596 -85.75 -57.5907 -84 -56.5803
-50 -65 -80.5 -54.5596 -84 -56.5803 -82.25 -57.5907
-46 -65 -80.5 -54.5596 -78.75 -57.5907 -77 -56.5803
-43 -65 -73.5 -54.5596 -77 -56.5803 -75.25 -57.5907
-39 -65 -73.5 -54.5596 -71.75 -57.5907 -70 -56.5803
-36 -65 -66.5 -54.5596 -70 -56.5803 -68.25 -57.5907
-32 -65 -66.5 -54.5596 -64.75 -57.5907 -63 -56.5803
-29 -65 -59.5 -54.5596 -63 -56.5803 -61.25 -57.5907
-25 -65 -59.5 -54.5596 -57.75 -57.5907 -56 -56.5803
-22 -65 -52.5 -54.5596 -56 -56.5803 -54.25 -57.5907
-18 -65 -52.5 -54.5596 -50.75 -57.5907 -49 -56.5803
-15 -65 -45.5 -54.5596 -49 -56.5803 -47.25 -57.5907
-11 -65 -45.5 -54.5596 -43.75 -57.5907 -42 -56.5803
-8 -65 -38.5 -54.5596 -42 -56.5803 -40.25 -57.5907
-4 -65 -38.5 -54.5596 -36.75 -57.5907 -35 -56.5803
-1 -65 -31.5 -54.5596 -35 -56.5803 -33.25 -57.5907
3 -65 -31.5 -54.5596 -29.75 -57.5907 -28 -56.5803
6 -65 -24.5 -54.5596 -28 -56.5803 -26.25 -57.5907
10 -65 -24.5 -54.5596 -22.75 -57.5907 -21 -56.5803
13 -65 -17.5 -54.5596 -21 -56.5803 -19.25 -57.5907
17 -65 -17.5 -54.5596 -15.75 -57.5907 -14 -56.5803
20 -65 -10.5 -54.5596 -14 -56.5803 -12.25 -57.5907
24 -65 -10.5 -54.5596 -8.75 -57.5907 -7 -56.5803
27 -65 -3.5 -54.5596 -7 -56.5803 -5.25 -57.5907
31 -65 -3.5 -54.5596 -1.75 -57.5907 0 -56.5803
34 -65 3.5 -54.5596 0 -56.5803 1.75 -57.5907
38 -65 3.5 -54.5596 5.25 -57.5907 7 -56.5803
41 -65 10.5 -54.5596 7 -56.5803 8.75 -57.5907
45 -65 10.5 -54.5596 12.25 -57.5907 14 -56.5803
48 -65 17.5 -54.5596 14 -56.5803 15.75 -57.5907
52 -65 17.5 -54.5596 19.25 -57.5907 21 -56.5803
55 -65 24.5 -54.5596 21 -56.5803 22.75 -57.5907
59 -65 24.5 -54.5596 26.25 -57.5907 28 -56.5803
62 -65 31.5 -54.5596 28 -56.5803 29.75 -57.5907
66 -65 31.5 -54.5596 33.25 -57.5907 35 -56.5803
69 -65 38.5 -54.5596 35 -56.5803 36.75 -57.5907
-67 -64 -101.5 -54.5596 -98 -56.5803 -98 -54.5596
-65 -64 -94.5 -54.5596 -98 -54.5596 -98 -56.5803
-60 -64 -94.5 -54.5596 -91 -56.5803 -91 -54.5596
-58 -64 -87.5 -54.5596 -91 -54.5596 -91 -56.5803
-53 -64 -87.5 -54.5596 -84 -56.5803 -84 -54.5596
-51 -64 -80.5 -54.5596 -84 -54.5596 -84 -56.5803
-46 -64 -80.5 -54.5596 -77 -56.5803 -77 -54.5596
-44 -64 -73.5 -54.5596 -77 -54.5596 -77 -56.5803
-39 -64 -73.5 -54.5596 -70 -56.5803 -70 -54.5596
-37 -64 -66.5 -54.5596 -70 -54.5596 -70 -56.5803
-32 -64 -66.5 -54.5596 -63 -56.5803 -63 -54.5596
-30 -64 -59.5 -54.5596 -63 -54.5596 -63 -56.5803
-25 -64 -59.5 -54.5596 -56 -56.5803 -56 -54.5596
-23 -64 -52.5 -54.5596 -56 -54.5596 -56 -56.5803
-18 -64 -52.5 -54.5596 -49 -56.5803 -49 -54.5596
-16 -64 -45.5 -54.5596 -49 -54.5596 -49 -56.5803
-11 -64 -45.5 -54.5596 -42 -56.5803 -42 -54.5596
-9 -64 -38.5 -54.5596 -42 -54.5596 -42 -56.5803
-4 -64 -38.5 -54.5596 -35 -56.5803 -35 -54.5596
-2 -64 -31.5 -54.5596 -35 -54.5596 -35 -56.5803
3 -64 -31.5 -54.5596 -28 -56.5803 -28 -54.5596
5 -64 -24.5 -54.5596 -28 -54.5596 -28 -56.5803
10 -64 -24.5 -54.5596 -21 -56.5803 -21 -54.5596
12 -64 -17.5 -54.5596 -21 -54.5596 -21 -56.5803
17 -64 -17.5 -54.5596 -14 -56.5803 -14 -54.5596
19 -64 -10.5 -54.5596 -14 -54.5596 -14 -56.5803
24 -64 -10.5 -54.5596 -7 -56.5803 -7 -54.5596
26 -64 -3.5 -54.5596 -7 -54.5596 -7 -56.5803
31 -64 -3.5 -54.5596 0 -56.5803 0 -54.5596
33 -64 3.5 -54.5596 0 -54.5596 0 -56.5803
38 -64 3.5 -54.5596 7 -56.5803 7 -54.5596
40 -64 10.5 -54.5596 7 -54.5596 7 -56.5803
45 -64 10.5 -54.5596 14 -56.5803 14 -54.5596
47 -64 17.5 -54.5596 14 -54.5596 14 -56.5803
52 -64 17.5 -54.5596 21 -56.5803 21 -54.5596
54 -64 24.5 -54.5596 21 -54.5596 21 -56.5803
59 -64 24.5 -54.5596 28 -56.5803 28 -54.5596
61 -64 31.5 -54.5596 28 -54.5596 28 -56.5803
66 -64 31.5 -54.5596 35 -56.5803 35 -54.5596
68 -64 38.5 -54.5596 35 -54.5596 35 -56.5803
-68 -62 -101.5 -54.5596 -98 -54.5596 -98 -52.5389
-66 -62 -94.5 -54.5596 -98 -52.5389 -98 -54.5596
-61 -62 -94.5 -54.5596 -91 -54.5596 -91 -52.5389
-59 -62 -87.5 -54.5596 -91 -52.5389 -91 -54.5596
-54 -62 -87.5 -54.5596 -84 -54.5596 -84 -52.5389
-52 -62 -80.5 -54.5596 -84 -52.5389 -84 -54.5596
-47 -62 -80.5 -54.5596 -77 -54.5596 -77 -52.5389
-45 -62 -73.5 -54.5596 -77 -52.5389 -77 -54.5596
-40 -62 -73.5 -54.5596 -70 -54.5596 -70 -52.5389
-38 -62 -66.5 -54.5596 -70 -52.5389 -70 -54.5596
-33 -62 -66.5 -54.5596 -63 -54.5596 -63 -52.5389
-31 -62 -59.5 -54.5596 -63 -52.5389 -63 -54.5596
-26 -62 -59.5 -54.5596 -56 -54.5596 -56 -52.5389
-24 -62 -52.5 -54.5596 -56 -52.5389 -56 -54.5596
-19 -62 -52.5 -54.5596 -49 -54.5596 -49 -52.5389
-17 -62 -45.5 -54.5596 -49 -52.5389 -49 -54.5596
-12 -62 -45.5 -54.5596 -42 -54.5596 -42 -52.5389
-10 -62 -38.5 -54.5596 -42 -52.5389 -42 -54.5596
-5 -62 -38.5 -54.5596 -35 -54.5596 -35 -52.5389
-3 -62 -31.5 -54.5596 -35 -52.5389 -35 -54.5596
2 -62 -31.5 -54.5596 -28 -54.5596 -28 -52.5389
4 -62 -24.5 -54.5596 -28 -52.5389 -28 -54.5596
9 -62 -24.5 -54.5596 -21 -54.5596 -21 -52.5389
11 -62 -17.5 -54.5596 -21 -52.5389 -21 -54.5596
16 -62 -17.5 -54.5596 -14 -54.5596 -14 -52.5389
18 -62 -10.5 -54.5596 -14 -52.5389 -14 -54.5596
23 -62 -10.5 -54.5596 -7 -54.5596 -7 -52.5389
25 -62 -3.5 -54.5596 -7 -52.5389 -7 -54.5596
30 -62 -3.5 -54.5596 0 -54.5596 0 -52.5389
32 -62 3.5 -54.5596 0 -52.5389 0 -54.5596
37 -62 3.5 -54.5596 7 -54.5596 7 -52.5389
39 -62 10.5 -54.5596 7 -52.5389 7 -54.5596
44 -62 10.5 -54.5596 14 -54.5596 14 -52.5389
46 -62 17.5 -54.5596 14 -52.5389 14 -54.5596
51 -62 17.5 -54.5596 21 -54.5596 21 -52.5389
53 -62 24.5 -54.5596 21 -52.5389 21 -54.5596
58 -62 24.5 -54.5596 28 -54.5596 28 -52.5389
60 -62 31.5 -54.5596 28 -52.5389 28 -54.5596
65 -62 31.5 -54.5596 35 -54.5596 35 -52.5389
67 -62 38.5 -54.5596 35 -52.5389 35 -54.5596
-69 -61 -98 -52.5389 -99.75 -51.5285 -101.5 -54.5596
-66 -61 -94.5 -54.5596 -96.25 -51.5285 -98 -52.5389
-62 -61 -91 -52.5389 -92.75 -51.5285 -94.5 -54.5596
-59 -61 -87.5 -54.5596 -89.25 -51.5285 -91 -52.5389
-55 -61 -84 -52.5389 -85.75 -51.5285 -87.5 -54.5596
-52 -61 -80.5 -54.5596 -82.25 -51.5285 -84 -52.5389
-48 -61 -77 -52.5389 -78.75 -51.5285 -80.5 -54.5596
-45 -61 -73.5 -54.5596 -75.25 -51.5285 -77 -52.5389
-41 -61 -70 -52.5389 -71.75 -51.5285 -73.5 -54.5596
-38 -61 -66.5 -54.5596 -68.25 -51.5285 -70 -52.5389
-34 -61 -63 -52.5389 -64.75 -51.5285 -66.5 -54.5596
-31 -61 -59.5 -54.5596 -61.25 -51.5285 -63 -52.5389
-27 -61 -56 -52.5389 -57.75 -51.5285 -59.5 -54.5596
-24 -61 -52.5 -54.5596 -54.25 -51.5285 -56 -52.5389
-20 -61 -49 -52.5389 -50.75 -51.5285 -52.5 -54.5596
-17 -61 -45.5 -54.5596 -47.25 -51.5285 -49 -52.5389
-13 -61 -42 -52.5389 -43.75 -51.5285 -45.5 -54.5596
-10 -61 -38.5 -54.5596 -40.25 -51.5285 -42 -52.5389
-6 -61 -35 -52.5389 -36.75 -51.5285 -38.5 -54.5596
-3 -61 -31.5 -54.5596 -33.25 -51.5285 -35 -52.5389
1 -61 -28 -52.5389 -29.75 -51.5285 -31.5 -54.5596
4 -61 -24.5 -54.5596 -26.25 -51.5285 -28 -52.5389
8 -61 -21 -52.5389 -22.75 -51.5285 -24.5 -54.5596
11 -61 -17.5 -54.5596 -19.25 -51.5285 -21 -52.5389
15 -61 -14 -52.5389 -15.75 -51.5285 -17.5 -54.5596
18 -61 -10.5 -54.5596 -12.25 -51.5285 -14 -52.5389
22 -61 -7 -52.5389 -8.75 -51.5285 -10.5 -54.5596
25 -61 -3.5 -54.5596 -5.25 -51.5285 -7 -52.5389
29 -61 0 -52.5389 -1.75 -51.5285 -3.5 -54.5596
32 -61 3.5 -54.5596 1.75 -51.5285 0 -52.5389
36 -61 7 -52.5389 5.25 -51.5285 3.5 -54.5596
39 -61 10.5 -54.5596 8.75 -51.5285 7 -52.5389
43 -61 14 -52.5389 12.25 -51.5285 10.5 -54.5596
46 -61 17.5 -54.5596 15.75 -51.5285 14 -52.5389
50 -61 21 -52.5389 19.25 -51.5285 17.5 -54.5596
53 -61 24.5 -54.5596 22.75 -51.5285 21 -52.5389
57 -61 28 -52.5389 26.25 -51.5285 24.5 -54.5596
60 -61 31.5 -54.5596 29.75 -51.5285 28 -52.5389
64 -61 35 -52.5389 33.25 -51.5285 31.5 -54.5596
67 -61 38.5 -54.5596 36.75 -51.5285 35 -52.5389
-65 -60 -94.5 -54.5596 -94.5 -50.5181 -96.25 -51.5285
-64 -60 -94.5 -54.5596 -92.75 -51.5285 -94.5 -50.5181
-58 -60 -87.5 -54.5596 -87.5 -50.5181 -89.25 -51.5285
-57 -60 -87.5 -54.5596 -85.75 -51.5285 -87.5 -50.5181
-51 -60 -80.5 -54.5596 -80.5 -50.5181 -82.25 -51.5285
-50 -60 -80.5 -54.5596 -78.75 -51.5285 -80.5 -50.5181
-44 -60 -73.5 -54.5596 -73.5 -50.5181 -75.25 -51.5285
-43 -60 -73.5 -54.5596 -71.75 -51.5285 -73.5 -50.5181
-37 -60 -66.5 -54.5596 -66.5 -50.5181 -68.25 -51.5285
-36 -60 -66.5 -54.5596 -64.75 -51.5285 -66.5 -50.5181
-30 -60 -59.5 -54.5596 -59.5 -50.5181 -61.25 -51.5285
-29 -60 -59.5 -54.5596 -57.75 -51.5285 -59.5 -50.5181
-23 -60 -52.5 -54.5596 -52.5 -50.5181 -54.25 -51.5285
-22 -60 -52.5 -54.5596 -50.75 -51.5285 -52.5 -50.5181
-16 -60 -45.5 -54.5596 -45.5 -50.5181 -47.25 -51.5285
-15 -60 -45.5 -54.5596 -43.75 -51.5285 -45.5 -50.5181
-9 -60 -38.5 -54.5596 -38.5 -50.5181 -40.25 -51.5285
-8 -60 -38.5 -54.5596 -36.75 -51.5285 -38.5 -50.5181
-2 -60 -31.5 -54.5596 -31.5 -50.5181 -33.25 -51.5285
-1 -60 -31.5 -54.5596 -29.75 -51.5285 -31.5 -50.5181
5 -60 -24.5 -54.5596 -24.5 -50.5181 -26.25 -51.5285
6 -60 -24.5 -54.5596 -22.75 -51.5285 -24.5 -50.5181
12 -60 -17.5 -54.5596 -17.5 -50.5181 -19.25 -51.5285
13 -60 -17.5 -54.5596 -15.75 -51.5285 -17.5 -50.5181
19 -60 -10.5 -54.5596 -10.5 -50.5181 -12.25 -51.5285
20 -60 -10.5 -54.5596 -8.75 -51.5285 -10.5 -50.5181
26 -60 -3.5 -54.5596 -3.5 -50.5181 -5.25 -51.5285
27 -60 -3.5 -54.5596 -1.75 -51.5285 -3.5 -50.5181
33 -60 3.5 -54.5596 3.5 -50.5181 1.75 -51.5285
34 -60 3.5 -54.5596 5.25 -51.5285 3.5 -50.5181
40 -60 10.5 -54.5596 10.5 -50.5181 8.75 -51.5285
41 -60 10.5 -54.5596 12.25 -51.5285 10.5 -50.5181
47 -60 17.5 -54.5596 17.5 -50.5181 15.75 -51.5285
48 -60 17.5 -54.5596 19.25 -51.5285 17.5 -50.5181
54 -60 24.5 -54.5596 24.5 -50.5181 22.75 -51.5285
55 -60 24.5 -54.5596 26.25 -51.5285 24.5 -50.5181
61 -60 31.5 -54.5596 31.5 -50.5181 29.75 -51.5285
62 -60 31.5 -54.5596 33.25 -51.5285 31.5 -50.5181
68 -60 38.5 -54.5596 38.5 -50.5181 36.75 -51.5285
69 -60 38.5 -54.5596 40.25 -51.5285 38.5 -50.5181
-69 -59 -98 -48.4974 -99.75 -51.5285 -98 -52.5389
-68 -59 -98 -48.4974 -98 -52.5389 -96.25 -51.5285
-62 -59 -91 -48.4974 -92.75 -51.5285 -91 -52.5389
-61 -59 -91 -48.4974 -91 -52.5389 -89.25 -51.5285
-55 -59 -84 -48.4974 -85.75 -51.5285 -84 -52.5389
-54 -59 -84 -48.4974 -84 -52.5389 -82.25 -51.5285
-48 -59 -77 -48.4974 -78.75 -51.5285 -77 -52.5389
-47 -59 -77 -48.4974 -77 -52.5389 -75.25 -51.5285
-41 -59 -70 -48.4974 -71.75 -51.5285 -70 -52.5389
-40 -59 -70 -48.4974 -70 -52.5389 -68.25 -51.5285
-34 -59 -63 -48.4974 -64.75 -51.5285 -63 -52.5389
-33 -59 -63 -48.4974 -63 -52.5389 -61.25 -51.5285
-27 -59 -56 -48.4974 -57.75 -51.5285 -56 -52.5389
-26 -59 -56 -48.4974 -56 -52.5389 -54.25 -51.5285
-20 -59 -49 -48.4974 -50.75 -51.5285 -49 -52.5389
-19 -59 -49 -48.4974 -49 -52.5389 -47.25 -51.5285
-13 -59 -42 -48.4974 -43.75 -51.5285 -42 -52.5389
-12 -59 -42 -48.4974 -42 -52.5389 -40.25 -51.5285
-6 -59 -35 -48.4974 -36.75 -51.5285 -35 -52.5389
-5 -59 -35 -48.4974 -35 -52.5389 -33.25 -51.5285
1 -59 -28 -48.4974 -29.75 -51.5285 -28 -52.5389
2 -59 -28 -48.4974 -28 -52.5389 -26.25 -51.5285
8 -59 -21 -48.4974 -22.75 -51.5285 -21 -52.5389
9 -59 -21 -48.4974 -21 -52.5389 -19.25 -51.5285
15 -59 -14 -48.4974 -15.75 -51.5285 -14 -52.5389
16 -59 -14 -48.4974 -14 -52.5389 -12.25 -51.5285
22 -59 -7 -48.4974 -8.75 -51.5285 -7 -52.5389
23 -59 -7 -48.4974 -7 -52.5389 -5.25 -51.5285
29 -59 0 -48.4974 -1.75 -51.5285 0 -52.5389
30 -59 0 -48.4974 0 -52.5389 1.75 -51.5285
36 -59 7 -48.4974 5.25 -51.5285 7 -52.5389
37 -59 7 -48.4974 7 -52.5389 8.75 -51.5285
43 -59 14 -48.4974 12.25 -51.5285 14 -52.5389
44 -59 14 -48.4974 14 -52.5389 15.75 -51.5285
50 -59 21 -48.4974 19.25 -51.5285 21 -52.5389
51 -59 21 -48.4974 21 -52.5389 22.75 -51.5285
57 -59 28 -48.4974 26.25 -51.5285 28 -52.5389
58 -59 28 -48.4974 28 -52.5389 29.75 -51.5285
64 -59 35 -48.4974 33.25 -51.5285 35 -52.5389
65 -59 35 -48.4974 35 -52.5389 36.75 -51.5285
-67 -58 -98 -48.4974 -96.25 -51.5285 -94.5 -50.5181
-64 -58 -91 -48.4974 -94.5 -50.5181 -92.75 -51.5285
-60 -58 -91 -48.4974 -89.25 -51.5285 -87.5 -50.5181
-57 -58 -84 -48.4974 -87.5 -50.5181 -85.75 -51.5285
-53 -58 -84 -48.4974 -82.25 -51.5285 -80.5 -50.5181
-50 -58 -77 -48.4974 -80.5 -50.5181 -78.75 -51.5285
-46 -58 -77 -48.4974 -75.25 -51.5285 -73.5 -50.5181
-43 -58 -70 -48.4974 -73.5 -50.5181 -71.75 -51.5285
-39 -58 -70 -48.4974 -68.25 -51.5285 -66.5 -50.5181
-36 -58 -63 -48.4974 -66.5 -50.5181 -64.75 -51.5285
-32 -58 -63 -48.4974 -61.25 -51.5285 -59.5 -50.5181
-29 -58 -56 -48.4974 -59.5 -50.5181 -57.75 -51.5285
-25 -58 -56 -48.4974 -54.25 -51.5285 -52.5 -50.5181
-22 -58 -49 -48.4974 -52.5 -50.5181 -50.75 -51.5285
-18 -58 -49 -48.4974 -47.25 -51.5285 -45.5 -50.5181
-15 -58 -42 -48.4974 -45.5 -50.5181 -43.75 -51.5285
-11 -58 -42 -48.4974 -40.25 -51.5285 -38.5 -50.5181
-8 -58 -35 -48.4974 -38.5 -50.5181 -36.75 -51.5285
-4 -58 -35 -48.4974 -33.25 -51.5285 -31.5 -50.5181
-1 -58 -28 -48.4974 -31.5 -50.5181 -29.75 -51.5285
3 -58 -28 -48.4974 -26.25 -51.5285 -24.5 -50.5181
6 -58 -21 -48.4974 -24.5 -50.5181 -22.75 -51.5285
10 -58 -21 -48.4974 -19.25 -51.5285 -17.5 -50.5181
13 -58 -14 -48.4974 -17.5 -50.5181 -15.75 -51.5285
17 -58 -14 -48.4974 -12.25 -51.5285 -10.5 -50.5181
20 -58 -7 -48.4974 -10.5 -50.5181 -8.75 -51.5285
24 -58 -7 -48.4974 -5.25 -51.5285 -3.5 -50.5181
27 -58 0 -48.4974 -3.5 -50.5181 -1.75 -51.5285
31 -58 0 -48.4974 1.75 -51.5285 3.5 -50.5181
34 -58 7 -48.4974 3.5 -50.5181 5.25 -51.5285
38 -58 7 -48.4974 8.75 -51.5285 10.5 -50.5181
41 -58 14 -48.4974 10.5 -50.5181 12.25 -51.5285
45 -58 14 -48.4974 15.75 -51.5285 17.5 -50.5181
48 -58 21 -48.4974 17.5 -50.5181 19.25 -51.5285
52 -58 21 -48.4974 22.75 -51.5285 24.5 -50.5181
55 -58 28 -48.4974 24.5 -50.5181 26.25 -51.5285
59 -58 28 -48.4974 29.75 -51.5285 31.5 -50.5181
62 -58 35 -48.4974 31.5 -50.5181 33.25 -51.5285
66 -58 35 -48.4974 36.75 -51.5285 38.5 -50.5181
69 -58 42 -48.4974 38.5 -50.5181 40.25 -51.5285
-67 -57 -98 -48.4974 -94.5 -50.5181 -94.5 -48.4974
-65 -57 -91 -48.4974 -94.5 -48.4974 -94.5 -50.5181
-60 -57 -91 -48.4974 -87.5 -50.5181 -87.5 -48.4974
-58 -57 -84 -48.4974 -87.5 -48.4974 -87.5 -50.5181
-53 -57 -84 -48.4974 -80.5 -50.5181 -80.5 -48.4974
-51 -57 -77 -48.4974 -80.5 -48.4974 -80.5 -50.5181
-46 -57 -77 -48.4974 -73.5 -50.5181 -73.5 -48.4974
-44 -57 -70 -48.4974 -73.5 -48.4974 -73.5 -50.5181
-39 -57 -70 -48.4974 -66.5 -50.5181 -66.5 -48.4974
-37 -57 -63 -48.4974 -66.5 -48.4974 -66.5 -50.5181
-32 -57 -63 -48.4974 -59.5 -50.5181 -59.5 -48.4974
-30 -57 -56 -48.4974 -59.5 -48.4974 -59.5 -50.5181
-25 -57 -56 -48.4974 -52.5 -50.5181 -52.5 -48.4974
-23 -57 -49 -48.4974 -52.5 -48.4974 -52.5 -50.5181
-18 -57 -49 -48.4974 -45.5 -50.5181 -45.5 -48.4974
-16 -57 -42 -48.4974 -45.5 -48.4974 -45.5 -50.5181
-11 -57 -42 -48.4974 -38.5 -50.5181 -38.5 -48.4974
-9 -57 -35 -48.4974 -38.5 -48.4974 -38.5 -50.5181
-4 -57 -35 -48.4974 -31.5 -50.5181 -31.5 -48.4974
-2 -57 -28 -48.4974 -31.5 -48.4974 -31.5 -50.5181
3 -57 -28 -48.4974 -24.5 -50.5181 -24.5 -48.4974
5 -57 -21 -48.4974 -24.5 -48.4974 -24.5 -50.5181
10 -57 -21 -48.4974 -17.5 -50.5181 -17.5 -48.4974
12 -57 -14 -48.4974 -17.5 -48.4974 -17.5 -50.5181
17 -57 -14 -48.4974 -10.5 -50.5181 -10.5 -48.4974
19 -57 -7 -48.4974 -10.5 -48.4974 -10.5 -50.5181
24 -57 -7 -48.4974 -3.5 -50.5181 -3.5 -48.4974
26 -57 0 -48.4974 -3.5 -48.4974 -3.5 -50.5181
31 -57 0 -48.4974 3.5 -50.5181 3.5 -48.4974
33 -57 7 -48.4974 3.5 -48.4974 3.5 -50.5181
38 -57 7 -48.4974 10.5 -50.5181 10.5 -48.4974
40 -57 14 -48.4974 10.5 -48.4974 10.5 -50.5181
45 -57 14 -48.4974 17.5 -50.5181 17.5 -48.4974
47 -57 21 -48.4974 17.5 -48.4974 17.5 -50.5181
52 -57 21 -48.4974 24.5 -50.5181 24.5 -48.4974
54 -57 28 -48.4974 24.5 -48.4974 24.5 -50.5181
59 -57 28 -48.4974 31.5 -50.5181 31.5 -48.4974
61 -57 35 -48.4974 31.5 -48.4974 31.5 -50.5181
66 -57 35 -48.4974 38.5 -50.5181 38.5 -48.4974
68 -57 42 -48.4974 38.5 -48.4974 38.5 -50.5181
-68 -55 -98 -48.4974 -94.5 -48.4974 -94.5 -46.4767
-66 -55 -91 -48.4974 -94.5 -46.4767 -94.5 -48.4974
-61 -55 -91 -48.4974 -87.5 -48.4974 -87.5 -46.4767
-59 -55 -84 -48.4974 -87.5 -46.4767 -87.5 -48.4974
-54 -55 -84 -48.4974 -80.5 -48.4974 -80.5 -46.4767
-52 -55 -77 -48.4974 -80.5 -46.4767 -80.5 -48.4974
-47 -55 -77 -48.4974 -73.5 -48.4974 -73.5 -46.4767
-45 -55 -70 -48.4974 -73.5 -46.4767 -73.5 -48.4974
-40 -55 -70 -48.4974 -66.5 -48.4974 -66.5 -46.4767
-38 -55 -63 -48.4974 -66.5 -46.4767 -66.5 -48.4974
-33 -55 -63 -48.4974 -59.5 -48.4974 -59.5 -46.4767
-31 -55 -56 -48.4974 -59.5 -46.4767 -59.5 -48.4974
-26 -55 -56 -48.4974 -52.5 -48.4974 -52.5 -46.4767
-24 -55 -49 -48.4974 -52.5 -46.4767 -52.5 -48.4974
-19 -55 -49 -48.4974 -45.5 -48.4974 -45.5 -46.4767
-17 -55 -42 -48.4974 -45.5 -46.4767 -45.5 -48.4974
-12 -55 -42 -48.4974 -38.5 -48.4974 -38.5 -46.4767
-10 -55 -35 -48.4974 -38.5 -46.4767 -38.5 -48.4974
-5 -55 -35 -48.4974 -31.5 -48.4974 -31.5 -46.4767
-3 -55 -28 -48.4974 -31.5 -46.4767 -31.5 -48.4974
2 -55 -28 -48.4974 -24.5 -48.4974 -24.5 -46.4767
4 -55 -21 -48.4974 -24.5 -46.4767 -24.5 -48.4974
9 -55 -21 -48.4974 -17.5 -48.4974 -17.5 -46.4767
11 -55 -14 -48.4974 -17.5 -46.4767 -17.5 -48.4974
16 -55 -14 -48.4974 -10.5 -48.4974 -10.5 -46.4767
18 -55 -7 -48.4974 -10.5 -46.4767 -10.5 -48.4974
23 -55 -7 -48.4974 -3.5 -48.4974 -3.5 -46.4767
25 -55 0 -48.4974 -3.5 -46.4767 -3.5 -48.4974
30 -55 0 -48.4974 3.5 -48.4974 3.5 -46.4767
32 -55 7 -48.4974 3.5 -46.4767 3.5 -48.4974
37 -55 7 -48.4974 10.5 -48.4974 10.5 -46.4767
39 -55 14 -48.4974 10.5 -46.4767 10.5 -48.4974
44 -55 14 -48.4974 17.5 -48.4974 17.5 -46.4767
46 -55 21 -48.4974 17.5 -46.4767 17.5 -48.4974
51 -55 21 -48.4974 24.5 -48.4974 24.5 -46.4767
53 -55 28 -48.4974 24.5 -46.4767 24.5 -48.4974
58 -55 28 -48.4974 31.5 -48.4974 31.5 -46.4767
60 -55 35 -48.4974 31.5 -46.4767 31.5 -48.4974
65 -55 35 -48.4974 38.5 -48.4974 38.5 -46.4767
67 -55 42 -48.4974 38.5 -46.4767 38.5 -48.4974
-69 -54 -94.5 -46.4767 -96.25 -45.4663 -98 -48.4974
-66 -54 -91 -48.4974 -92.75 -45.4663 -94.5 -46.4767
-62 -54 -87.5 -46.4767 -89.25 -45.4663 -91 -48.4974
-59 -54 -84 -48.4974 -85.75 -45.4663 -87.5 -46.4767
-55 -54 -80.5 -46.4767 -82.25 -45.4663 -84 -48.4974
-52 -54 -77 -48.4974 -78.75 -45.4663 -80.5 -46.4767
-48 -54 -73.5 -46.4767 -75.25 -45.4663 -77 -48.4974
-45 -54 -70 -48.4974 -71.75 -45.4663 -73.5 -46.4767
-41 -54 -66.5 -46.4767 -68.25 -45.4663 -70 -48.4974
-38 -54 -63 -48.4974 -64.75 -45.4663 -66.5 -46.4767
-34 -54 -59.5 -46.4767 -61.25 -45.4663 -63 -48.4974
-31 -54 -56 -48.4974 -57.75 -45.4663 -59.5 -46.4767
-27 -54 -52.5 -46.4767 -54.25 -45.4663 -56 -48.4974
-24 -54 -49 -48.4974 -50.75 -45.4663 -52.5 -46.4767
-20 -54 -45.5 -46.4767 -47.25 -45.4663 -49 -48.4974
-17 -54 -42 -48.4974 -43.75 -45.4663 -45.5 -46.4767
-13 -54 -38.5 -46.4767 -40.25 -45.4663 -42 -48.4974
-10 -54 -35 -48.4974 -36.75 -45.4663 -38.5 -46.4767
-6 -54 -31.5 -46.4767 -33.25 -45.4663 -35 -48.4974
-3 -54 -28 -48.4974 -29.75 -45.4663 -31.5 -46.4767
1 -54 -24.5 -46.4767 -26.25 -45.4663 -28 -48.4974
4 -54 -21 -48.4974 -22.75 -45.4663 -24.5 -46.4767
8 -54 -17.5 -46.4767 -19.25 -45.4663 -21 -48.4974
11 -54 -14 -48.4974 -15.75 -45.4663 -17.5 -46.4767
15 -54 -10.5 -46.4767 -12.25 -45.4663 -14 -48.4974
18 -54 -7 -48.4974 -8.75 -45.4663 -10.5 -46.4767
22 -54 -3.5 -46.4767 -5.25 -45.4663 -7 -48.4974
25 -54 0 -48.4974 -1.75 -45.4663 -3.5 -46.4767
29 -54 3.5 -46.4767 1.75 -45.4663 0 -48.4974
32 -54 7 -48.4974 5.25 -45.4663 3.5 -46.4767
36 -54 10.5 -46.4767 8.75 -45.4663 7 -48.4974
39 -54 14 -48.4974 12.25 -45.4663 10.5 -46.4767
43 -54 17.5 -46.4767 15.75 -45.4663 14 -48.4974
46 -54 21 -48.4974 19.25 -45.4663 17.5 -46.4767
50 -54 24.5 -46.4767 22.75 -45.4663 21 -48.4974
53 -54 28 -48.4974 26.25 -45.4663 24.5 -46.4767
57 -54 31.5 -46.4767 29.75 -45.4663 28 -48.4974
60 -54 35 -48.4974 33.25 -45.4663 31.5 -46.4767
64 -54 38.5 -46.4767 36.75 -45.4663 35 -48.4974
67 -54 42 -48.4974 40.25 -45.4663 38.5 -46.4767
-65 -53 -91 -48.4974 -91 -44.456 -92.75 -45.4663
-64 -53 -91 -48.4974 -89.25 -45.4663 -91 -44.456
-58 -53 -84 -48.4974 -84 -44.456 -85.75 -45.4663
-57 -53 -84 -48.4974 -82.25 -45.4663 -84 -44.456
-51 -53 -77 -48.4974 -77 -44.456 -78.75 -45.4663
-50 -53 -77 -48.4974 -75.25 -45.4663 -77 -44.456
-44 -53 -70 -48.4974 -70 -44.456 -71.75 -45.4663
-43 -53 -70 -48.4974 -68.25 -45.4663 -70 -44.456
-37 -53 -63 -48.4974 -63 -44.456 -64.75 -45.4663
-36 -53 -63 -48.4974 -61.25 -45.4663 -63 -44.456
-30 -53 -56 -48.4974 -56 -44.456 -57.75 -45.4663
-29 -53 -56 -48.4974 -54.25 -45.4663 -56 -44.456
-23 -53 -49 -48.4974 -49 -44.456 -50.75 -45.4663
-22 -53 -49 -48.4974 -47.25 -45.4663 -49 -44.456
-16 -53 -42 -48.4974 -42 -44.456 -43.75 -45.4663
-15 -53 -42 -48.4974 -40.25 -45.4663 -42 -44.456
-9 -53 -35 -48.4974 -35 -44.456 -36.75 -45.4663
-8 -53 -35 -48.4974 -33.25 -45.4663 -35 -44.456
-2 -53 -28 -48.4974 -28 -44.456 -29.75 -45.4663
-1 -53 -28 -48.4974 -26.25 -45.4663 -28 -44.456
5 -53 -21 -48.4974 -21 -44.456 -22.75 -45.4663
6 -53 -21 -48.4974 -19.25 -45.4663 -21 -44.456
12 -53 -14 -48.4974 -14 -44.456 -15.75 -45.4663
13 -53 -14 -48.4974 -12.25 -45.4663 -14 -44.456
19 -53 -7 -48.4974 -7 -44.456 -8.75 -45.4663
20 -53 -7 -48.4974 -5.25 -45.4663 -7 -44.456
26 -53 0 -48.4974 0 -44.456 -1.75 -45.4663
27 -53 0 -48.4974 1.75 -45.4663 0 -44.456
33 -53 7 -48.4974 7 -44.456 5.25 -45.4663
34 -53 7 -48.4974 8.75 -45.4663 7 -44.456
40 -53 14 -48.4974 14 -44.456 12.25 -45.4663
41 -53 14 -48.4974 15.75 -45.4663 14 -44.456
47 -53 21 -48.4974 21 -44.456 19.25 -45.4663
48 -53 21 -48.4974 22.75 -45.4663 21 -44.456
54 -53 28 -48.4974 28 -44.456 26.25 -45.4663
55 -53 28 -48.4974 29.75 -45.4663 28 -44.456
61 -53 35 -48.4974 35 -44.456 33.25 -45.4663
62 -53 35 -48.4974 36.75 -45.4663 35 -44.456
68 -53 42 -48.4974 42 -44.456 40.25 -45.4663
69 -53 42 -48.4974 43.75 -45.4663 42 -44.456
-69 -52 -94.5 -42.4352 -96.25 -45.4663 -94.5 -46.4767
-68 -52 -94.5 -42.4352 -94.5 -46.4767 -92.75 -45.4663
-62 -52 -87.5 -42.4352 -89.25 -45.4663 -87.5 -46.4767
-61 -52 -87.5 -42.4352 -87.5 -46.4767 -85.75 -45.4663
-55 -52 -80.5 -42.4352 -82.25 -45.4663 -80.5 -46.4767
-54 -52 -80.5 -42.4352 -80.5 -46.4767 -78.75 -45.4663
-48 -52 -73.5 -42.4352 -75.25 -45.4663 -73.5 -46.4767
-47 -52 -73.5 -42.4352 -73.5 -46.4767 -71.75 -45.4663
-41 -52 -66.5 -42.4352 -68.25 -45.4663 -66.5 -46.4767
-40 -52 -66.5 -42.4352 -66.5 -46.4767 -64.75 -45.4663
-34 -52 -59.5 -42.4352 -61.25 -45.4663 -59.5 -46.4767
-33 -52 -59.5 -42.4352 -59.5 -46.4767 -57.75 -45.4663
-27 -52 -52.5 -42.4352 -54.25 -45.4663 -52.5 -46.4767
-26 -52 -52.5 -42.4352 -52.5 -46.4767 -50.75 -45.4663
-20 -52 -45.5 -42.4352 -47.25 -45.4663 -45.5 -46.4767
-19 -52 -45.5 -42.4352 -45.5 -46.4767 -43.75 -45.4663
-13 -52 -38.5 -42.4352 -40.25 -45.4663 -38.5 -46.4767
-12 -52 -38.5 -42.4352 -38.5 -46.4767 -36.75 -45.4663
-6 -52 -31.5 -42.4352 -33.25 -45.4663 -31.5 -46.4767
-5 -52 -31.5 -42.4352 -31.5 -46.4767 -29.75 -45.4663
1 -52 -24.5 -42.4352 -26.25 -45.4663 -24.5 -46.4767
2 -52 -24.5 -42.4352 -24.5 -46.4767 -22.75 -45.4663
8 -52 -17.5 -42.4352 -19.25 -45.4663 -17.5 -46.4767
9 -52 -17.5 -42.4352 -17.5 -46.4767 -15.75 -45.4663
15 -52 -10.5 -42.4352 -12.25 -45.4663 -10.5 -46.4767
16 -52 -10.5 -42.4352 -10.5 -46.4767 -8.75 -45.4663
22 -52 -3.5 -42.4352 -5.25 -45.4663 -3.5 -46.4767
23 -52 -3.5 -42.4352 -3.5 -46.4767 -1.75 -45.4663
29 -52 3.5 -42.4352 1.75 -45.4663 3.5 -46.4767
30 -52 3.5 -42.4352 3.5 -46.4767 5.25 -45.4663
36 -52 10.5 -42.4352 8.75 -45.4663 10.5 -46.4767
37 -52 10.5 -42.4352 10.5 -46.4767 12.25 -45.4663
43 -52 17.5 -42.4352 15.75 -45.4663 17.5 -46.4767
44 -52 17.5 -42.4352 17.5 -46.4767 19.25 -45.4663
50 -52 24.5 -42.4352 22.75 -45.4663 24.5 -46.4767
51 -52 24.5 -42.4352 24.5 -46.4767 26.25 -45.4663
57 -52 31.5 -42.4352 29.75 -45.4663 31.5 -46.4767
58 -52 31.5 -42.4352 31.5 -46.4767 33.25 -45.4663
64 -52 38.5 -42.4352 36.75 -45.4663 38.5 -46.4767
65 -52 38.5 -42.4352 38.5 -46.4767 40.25 -45.4663
-67 -51 -94.5 -42.4352 -92.75 -45.4663 -91 -44.456
-64 -51 -87.5 -42.4352 -91 -44.456 -89.25 -45.4663
-60 -51 -87.5 -42.4352 -85.75 -45.4663 -84 -44.456
-57 -51 -80.5 -42.4352 -84 -44.456 -82.25 -45.4663
-53 -51 -80.5 -42.4352 -78.75 -45.4663 -77 -44.456
-50 -51 -73.5 -42.4352 -77 -44.456 -75.25 -45.4663
-46 -51 -73.5 -42.4352 -71.75 -45.4663 -70 -44.456
-43 -51 -66.5 -42.4352 -70 -44.456 -68.25 -45.4663
-39 -51 -66.5 -42.4352 -64.75 -45.4663 -63 -44.456
-36 -51 -59.5 -42.4352 -63 -44.456 -61.25 -45.4663
-32 -51 -59.5 -42.4352 -57.75 -45.4663 -56 -44.456
-29 -51 -52.5 -42.4352 -56 -44.456 -54.25 -45.4663
-25 -51 -52.5 -42.4352 -50.75 -45.4663 -49 -44.456
-22 -51 -45.5 -42.4352 -49 -44.456 -47.25 -45.4663
-18 -51 -45.5 -42.4352 -43.75 -45.4663 -42 -44.456
-15 -51 -38.5 -42.4352 -42 -44.456 -40.25 -45.4663
-11 -51 -38.5 -42.4352 -36.75 -45.4663 -35 -44.456
-8 -51 -31.5 -42.4352 -35 -44.456 -33.25 -45.4663
-4 -51 -31.5 -42.4352 -29.75 -45.4663 -28 -44.456
-1 -51 -24.5 -42.4352 -28 -44.456 -26.25 -45.4663
3 -51 -24.5 -42.4352 -22.75 -45.4663 -21 -44.456
6 -51 -17.5 -42.4352 -21 -44.456 -19.25 -45.4663
10 -51 -17.5 -42.4352 -15.75 -45.4663 -14 -44.456
13 -51 -10.5 -42.4352 -14 -44.456 -12.25 -45.4663
17 -51 -10.5 -42.4352 -8.75 -45.4663 -7 -44.456
20 -51 -3.5 -42.4352 -7 -44.456 -5.25 -45.4663
24 -51 -3.5 -42.4352 -1.75 -45.4663 0 -44.456
27 -51 3.5 -42.4352 0 -44.456 1.75 -45.4663
31 -51 3.5 -42.4352 5.25 -45.4663 7 -44.456
34 -51 10.5 -42.4352 7 -44.456 8.75 -45.4663
38 -51 10.5 -42.4352 12.25 -45.4663 14 -44.456
41 -51 17.5 -42.4352 14 -44.456 15.75 -45.4663
45 -51 17.5 -42.4352 19.25 -45.4663 21 -44.456
48 -51 24.5 -42.4352 21 -44.456 22.75 -45.4663
52 -51 24.5 -42.4352 26.25 -45.4663 28 -44.456
55 -51 31.5 -42.4352 28 -44.456 29.75 -45.4663
59 -51 31.5 -42.4352 33.25 -45.4663 35 -44.456
62 -51 38.5 -42.4352 35 -44.456 36.75 -45.4663
66 -51 38.5 -42.4352 40.25 -45.4663 42 -44.456
69 -51 45.5 -42.4352 42 -44.456 43.75 -45.4663
-67 -50 -94.5 -42.4352 -91 -44.456 -91 -42.4352
-65 -50 -87.5 -42.4352 -91 -42.4352 -91 -44.456
-60 -50 -87.5 -42.4352 -84 -44.456 -84 -42.4352
-58 -50 -80.5 -42.4352 -84 -42.4352 -84 -44.456
-53 -50 -80.5 -42.4352 -77 -44.456 -77 -42.4352
-51 -50 -73.5 -42.4352 -77 -42.4352 -77 -44.456
-46 -50 -73.5 -42.4352 -70 -44.456 -70 -42.4352
-44 -50 -66.5 -42.4352 -70 -42.4352 -70 -44.456
-39 -50 -66.5 -42.4352 -63 -44.456 -63 -42.4352
-37 -50 -59.5 -42.4352 -63 -42.4352 -63 -44.456
-32 -50 -59.5 -42.4352 -56 -44.456 -56 -42.4352
-30 -50 -52.5 -42.4352 -56 -42.4352 -56 -44.456
-25 -50 -52.5 -42.4352 -49 -44.456 -49 -42.4352
-23 -50 -45.5 -42.4352 -49 -42.4352 -49 -44.456
-18 -50 -45.5 -42.4352 -42 -44.456 -42 -42.4352
-16 -50 -38.5 -42.4352 -42 -42.4352 -42 -44.456
-11 -50 -38.5 -42.4352 -35 -44.456 -35 -42.4352
-9 -50 -31.5 -42.4352 -35 -42.4352 -35 -44.456
-4 -50 -31.5 -42.4352 -28 -44.456 -28 -42.4352
-2 -50 -24.5 -42.4352 -28 -42.4352 -28 -44.456
3 -50 -24.5 -42.4352 -21 -44.456 -21 -42.4352
5 -50 -17.5 -42.4352 -21 -42.4352 -21 -44.456
10 -50 -17.5 -42.4352 -14 -44.456 -14 -42.4352
12 -50 -10.5 -42.4352 -14 -42.4352 -14 -44.456
17 -50 -10.5 -42.4352 -7 -44.456 -7 -42.4352
19 -50 -3.5 -42.4352 -7 -42.4352 -7 -44.456
24 -50 -3.5 -42.4352 0 -44.456 0 -42.4352
26 -50 3.5 -42.4352 0 -42.4352 0 -44.456
31 -50 3.5 -42.4352 7 -44.456 7 -42.4352
33 -50 10.5 -42.4352 7 -42.4352 7 -44.456
38 -50 10.5 -42.4352 14 -44.456 14 -42.4352
40 -50 17.5 -42.4352 14 -42.4352 14 -44.456
45 -50 17.5 -42.4352 21 -44.456 21 -42.4352
47 -50 24.5 -42.4352 21 -42.4352 21 -44.456
52 -50 24.5 -42.4352 28 -44.456 28 -42.4352
54 -50 31.5 -42.4352 28 -42.4352 28 -44.456
59 -50 31.5 -42.4352 35 -44.456 35 -42.4352
61 -50 38.5 -42.4352 35 -42.4352 35 -44.456
66 -50 38.5 -42.4352 42 -44.456 42 -42.4352
68 -50 45.5 -42.4352 42 -42.4352 42 -44.456
-68 -48 -94.5 -42.4352 -91 -42.4352 -91 -40.4145
-66 -48 -87.5 -42.4352 -91 -40.4145 -91 -42.4352
-61 -48 -87.5 -42.4352 -84 -42.4352 -84 -40.4145
-59 -48 -80.5 -42.4352 -84 -40.4145 -84 -42.4352
-54 -48 -80.5 -42.4352 -77 -42.4352 -77 -40.4145
-52 -48 -73.5 -42.4352 -77 -40.4145 -77 -42.4352
-47 -48 -73.5 -42.4352 -70 -42.4352 -70 -40.4145
-45 -48 -66.5 -42.4352 -70 -40.4145 -70 -42.4352
-40 -48 -66.5 -42.4352 -63 -42.4352 -63 -40.4145
-38 -48 -59.5 -42.4352 -63 -40.4145 -63 -42.4352
-33 -48 -59.5 -42.4352 -56 -42.4352 -56 -40.4145
-31 -48 -52.5 -42.4352 -56 -40.4145 -56 -42.4352
-26 -48 -52.5 -42.4352 -49 -42.4352 -49 -40.4145
-24 -48 -45.5 -42.4352 -49 -40.4145 -49 -42.4352
-19 -48 -45.5 -42.4352 -42 -42.4352 -42 -40.4145
-17 -48 -38.5 -42.4352 -42 -40.4145 -42 -42.4352
-12 -48 -38.5 -42.4352 -35 -42.4352 -35 -40.4145
-10 -48 -31.5 -42.4352 -35 -40.4145 -35 -42.4352
-5 -48 -31.5 -42.4352 -28 -42.4352 -28 -40.4145
-3 -48 -24.5 -42.4352 -28 -40.4145 -28 -42.4352
2 -48 -24.5 -42.4352 -21 -42.4352 -21 -40.4145
4 -48 -17.5 -42.4352 -21 -40.4145 -21 -42.4352
9 -48 -17.5 -42.4352 -14 -42.4352 -14 -40.4145
11 -48 -10.5 -42.4352 -14 -40.4145 -14 -42.4352
16 -48 -10.5 -42.4352 -7 -42.4352 -7 -40.4145
18 -48 -3.5 -42.4352 -7 -40.4145 -7 -42.4352
23 -48 -3.5 -42.4352 0 -42.4352 0 -40.4145
25 -48 3.5 -42.4352 0 -40.4145 0 -42.4352
30 -48 3.5 -42.4352 7 -42.4352 7 -40.4145
32 -48 10.5 -42.4352 7 -40.4145 7 -42.4352
37 -48 10.5 -42.4352 14 -42.4352 14 -40.4145
39 -48 17.5 -42.4352 14 -40.4145 14 -42.4352
44 -48 17.5 -42.4352 21 -42.4352 21 -40.4145
46 -48 24.5 -42.4352 21 -40.4145 21 -42.4352
51 -48 24.5 -42.4352 28 -42.4352 28 -40.4145
53 -48 31.5 -42.4352 28 -40.4145 28 -42.4352
58 -48 31.5 -42.4352 35 -42.4352 35 -40.4145
60 -48 38.5 -42.4352 35 -40.4145 35 -42.4352
65 -48 38.5 -42.4352 42 -42.4352 42 -40.4145
67 -48 45.5 -42.4352 42 -40.4145 42 -42.4352
-69 -47 -91 -40.4145 -92.75 -39.4042 -94.5 -42.4352
-66 -47 -87.5 -42.4352 -89.25 -39.4042 -91 -40.4145
-62 -47 -84 -40.4145 -85.75 -39.4042 -87.5 -42.4352
-59 -47 -80.5 -42.4352 -82.25 -39.4042 -84 -40.4145
-55 -47 -77 -40.4145 -78.75 -39.4042 -80.5 -42.4352
-52 -47 -73.5 -42.4352 -75.25 -39.4042 -77 -40.4145
-48 -47 -70 -40.4145 -71.75 -39.4042 -73.5 -42.4352
-45 -47 -66.5 -42.4352 -68.25 -39.4042 -70 -40.4145
-41 -47 -63 -40.4145 -64.75 -39.4042 -66.5 -42.4352
-38 -47 -59.5 -42.4352 -61.25 -39.4042 -63 -40.4145
-34 -47 -56 -40.4145 -57.75 -39.4042 -59.5 -42.4352
-31 -47 -52.5 -42.4352 -54.25 -39.4042 -56 -40.4145
-27 -47 -49 -40.4145 -50.75 -39.4042 -52.5 -42.4352
-24 -47 -45.5 -42.4352 -47.25 -39.4042 -49 -40.4145
-20 -47 -42 -40.4145 -43.75 -39.4042 -45.5 -42.4352
-17 -47 -38.5 -42.4352 -40.25 -39.4042 -42 -40.4145
-13 -47 -35 -40.4145 -36.75 -39.4042 -38.5 -42.4352
-10 -47 -31.5 -42.4352 -33.25 -39.4042 -35 -40.4145
-6 -47 -28 -40.4145 -29.75 -39.4042 -31.5 -42.4352
-3 -47 -24.5 -42.4352 -26.25 -39.4042 -28 -40.4145
1 -47 -21 -40.4145 -22.75 -39.4042 -24.5 -42.4352
4 -47 -17.5 -42.4352 -19.25 -39.4042 -21 -40.4145
8 -47 -14 -40.4145 -15.75 -39.4042 -17.5 -42.4352
11 -47 -10.5 -42.4352 -12.25 -39.4042 -14 -40.4145
15 -47 -7 -40.4145 -8.75 -39.4042 -10.5 -42.4352
18 -47 -3.5 -42.4352 -5.25 -39.4042 -7 -40.4145
22 -47 0 -40.4145 -1.75 -39.4042 -3.5 -42.4352
25 -47 3.5 -42.4352 1.75 -39.4042 0 -40.4145
29 -47 7 -40.4145 5.25 -39.4042 3.5 -42.4352
32 -47 10.5 -42.4352 8.75 -39.4042 7 -40.4145
36 -47 14 -40.4145 12.25 -39.4042 10.5 -42.4352
39 -47 17.5 -42.4352 15.75 -39.4042 14 -40.4145
43 -47 21 -40.4145 19.25 -39.4042 17.5 -42.4352
46 -47 24.5 -42.4352 22.75 -39.4042 21 -40.4145
50 -47 28 -40.4145 26.25 -39.4042 24.5 -42.4352
53 -47 31.5 -42.4352 29.75 -39.4042 28 -40.4145
57 -47 35 -40.4145 33.25 -39.4042 31.5 -42.4352
60 -47 38.5 -42.4352 36.75 -39.4042 35 -40.4145
64 -47 42 -40.4145 40.25 -39.4042 38.5 -42.4352
67 -47 45.5 -42.4352 43.75 -39.4042 42 -40.4145
-65 -46 -87.5 -42.4352 -87.5 -38.3938 -89.25 -39.4042
-64 -46 -87.5 -42.4352 -85.75 -39.4042 -87.5 -38.3938
-58 -46 -80.5 -42.4352 -80.5 -38.3938 -82.25 -39.4042
-57 -46 -80.5 -42.4352 -78.75 -39.4042 -80.5 -38.3938
-51 -46 -73.5 -42.4352 -73.5 -38.3938 -75.25 -39.4042
-50 -46 -73.5 -42.4352 -71.75 -39.4042 -73.5 -38.3938
-44 -46 -66.5 -42.4352 -66.5 -38.3938 -68.25 -39.4042
-43 -46 -66.5 -42.4352 -64.75 -39.4042 -66.5 -38.3938
-37 -46 -59.5 -42.4352 -59.5 -38.3938 -61.25 -39.4042
-36 -46 -59.5 -42.4352 -57.75 -39.4042 -59.5 -38.3938
-30 -46 -52.5 -42.4352 -52.5 -38.3938 -54.25 -39.4042
-29 -46 -52.5 -42.4352 -50.75 -39.4042 -52.5 -38.3938
-23 -46 -45.5 -42.4352 -45.5 -38.3938 -47.25 -39.4042
-22 -46 -45.5 -42.4352 -43.75 -39.4042 -45.5 -38.3938
-16 -46 -38.5 -42.4352 -38.5 -38.3938 -40.25 -39.4042
-15 -46 -38.5 -42.4352 -36.75 -39.4042 -38.5 -38.3938
-9 -46 -31.5 -42.4352 -31.5 -38.3938 -33.25 -39.4042
-8 -46 -31.5 -42.4352 -29.75 -39.4042 -31.5 -38.3938
-2 -46 -24.5 -42.4352 -24.5 -38.3938 -26.25 -39.4042
-1 -46 -24.5 -42.4352 -22.75 -39.4042 -24.5 -38.3938
5 -46 -17.5 -42.4352 -17.5 -38.3938 -19.25 -39.4042
6 -46 -17.5 -42.4352 -15.75 -39.4042 -17.5 -38.3938
12 -46 -10.5 -42.4352 -10.5 -38.3938 -12.25 -39.4042
13 -46 -10.5 -42.4352 -8.75 -39.4042 -10.5 -38.3938
19 -46 -3.5 -42.4352 -3.5 -38.3938 -5.25 -39.4042
20 -46 -3.5 -42.4352 -1.75 -39.4042 -3.5 -38.3938
26 -46 3.5 -42.4352 3.5 -38.3938 1.75 -39.4042
27 -46 3.5 -42.4352 5.25 -39.4042 3.5 -38.3938
33 -46 10.5 -42.4352 10.5 -38.3938 8.75 -39.4042
34 -46 10.5 -42.4352 12.25 -39.4042 10.5 -38.3938
40 -46 17.5 -42.4352 17.5 -38.3938 15.75 -39.4042
41 -46 17.5 -42.4352 19.25 -39.4042 17.5 -38.3938
47 -46 24.5 -42.4352 24.5 -38.3938 22.75 -39.4042
48 -46 24.5 -42.4352 26.25 -39.4042 24.5 -38.3938
54 -46 31.5 -42.4352 31.5 -38.3938 29.75 -39.4042
55 -46 31.5 -42.4352 33.25 -39.4042 31.5 -38.3938
61 -46 38.5 -42.4352 38.5 -38.3938 36.75 -39.4042
62 -46 38.5 -42.4352 40.25 -39.4042 38.5 -38.3938
68 -46 45.5 -42.4352 45.5 -38.3938 43.75 -39.4042
69 -46 45.5 -42.4352 47.25 -39.4042 45.5 -38.3938
-69 -45 -91 -36.3731 -92.75 -39.4042 -91 -40.4145
-68 -45 -91 -36.3731 -91 -40.4145 -89.25 -39.4042
-62 -45 -84 -36.3731 -85.75 -39.4042 -84 -40.4145
-61 -45 -84 -36.3731 -84 -40.4145 -82.25 -39.4042
-55 -45 -77 -36.3731 -78.75 -39.4042 -77 -40.4145
-54 -45 -77 -36.3731 -77 -40.4145 -75.25 -39.4042
-48 -45 -70 -36.3731 -71.75 -39.4042 -70 -40.4145
-47 -45 -70 -36.3731 -70 -40.4145 -68.25 -39.4042
-41 -45 -63 -36.3731 -64.75 -39.4042 -63 -40.4145
-40 -45 -63 -36.3731 -63 -40.4145 -61.25 -39.4042
-34 -45 -56 -36.3731 -57.75 -39.4042 -56 -40.4145
-33 -45 -56 -36.3731 -56 -40.4145 -54.25 -39.4042
-27 -45 -49 -36.3731 -50.75 -39.4042 -49 -40.4145
-26 -45 -49 -36.3731 -49 -40.4145 -47.25 -39.4042
-20 -45 -42 -36.3731 -43.75 -39.4042 -42 -40.4145
-19 -45 -42 -36.3731 -42 -40.4145 -40.25 -39.4042
-13 -45 -35 -36.3731 -36.75 -39.4042 -35 -40.4145
-12 -45 -35 -36.3731 -35 -40.4145 -33.25 -39.4042
-6 -45 -28 -36.3731 -29.75 -39.4042 -28 -40.4145
-5 -45 -28 -36.3731 -28 -40.4145 -26.25 -39.4042
1 -45 -21 -36.3731 -22.75 -39.4042 -21 -40.4145
2 -45 -21 -36.3731 -21 -40.4145 -19.25 -39.4042
8 -45 -14 -36.3731 -15.75 -39.4042 -14 -40.4145
9 -45 -14 -36.3731 -14 -40.4145 -12.25 -39.4042
15 -45 -7 -36.3731 -8.75 -39.4042 -7 -40.4145
16 -45 -7 -36.3731 -7 -40.4145 -5.25 -39.4042
22 -45 0 -36.3731 -1.75 -39.4042 0 -40.4145
23 -45 0 -36.3731 0 -40.4145 1.75 -39.4042
29 -45 7 -36.3731 5.25 -39.4042 7 -40.4145
30 -45 7 -36.3731 7 -40.4145 8.75 -39.4042
36 -45 14 -36.3731 12.25 -39.4042 14 -40.4145
37 -45 14 -36.3731 14 -40.4145 15.75 -39.4042
43 -45 21 -36.3731 19.25 -39.4042 21 -40.4145
44 -45 21 -36.3731 21 -40.4145 22.75 -39.4042
50 -45 28 -36.3731 26.25 -39.4042 28 -40.4145
51 -45 28 -36.3731 28 -40.4145 29.75 -39.4042
57 -45 35 -36.3731 33.25 -39.4042 35 -40.4145
58 -45 35 -36.3731 35 -40.4145 36.75 -39.4042
64 -45 42 -36.3731 40.25 -39.4042 42 -40.4145
65 -45 42 -36.3731 42 -40.4145 43.75 -39.4042
-67 -44 -91 -36.3731 -89.25 -39.4042 -87.5 -38.3938
-64 -44 -84 -36.3731 -87.5 -38.3938 -85.75 -39.4042
-60 -44 -84 -36.3731 -82.25 -39.4042 -80.5 -38.3938
-57 -44 -77 -36.3731 -80.5 -38.3938 -78.75 -39.4042
-53 -44 -77 -36.3731 -75.25 -39.4042 -73.5 -38.3938
-50 -44 -70 -36.3731 -73.5 -38.3938 -71.75 -39.4042
-46 -44 -70 -36.3731 -68.25 -39.4042 -66.5 -38.3938
-43 -44 -63 -36.3731 -66.5 -38.3938 -64.75 -39.4042
-39 -44 -63 -36.3731 -61.25 -39.4042 -59.5 -38.3938
-36 -44 -56 -36.3731 -59.5 -38.3938 -57.75 -39.4042
-32 -44 -56 -36.3731 -54.25 -39.4042 -52.5 -38.3938
-29 -44 -49 -36.3731 -52.5 -38.3938 -50.75 -39.4042
-25 -44 -49 -36.3731 -47.25 -39.4042 -45.5 -38.3938
-22 -44 -42 -36.3731 -45.5 -38.3938 -43.75 -39.4042
-18 -44 -42 -36.3731 -40.25 -39.4042 -38.5 -38.3938
-15 -44 -35 -36.3731 -38.5 -38.3938 -36.75 -39.4042
-11 -44 -35 -36.3731 -33.25 -39.4042 -31.5 -38.3938
-8 -44 -28 -36.3731 -31.5 -38.3938 -29.75 -39.4042
-4 -44 -28 -36.3731 -26.25 -39.4042 -24.5 -38.3938
-1 -44 -21 -36.3731 -24.5 -38.3938 -22.75 -39.4042
3 -44 -21 -36.3731 -19.25 -39.4042 -17.5 -38.3938
6 -44 -14 -36.3731 -17.5 -38.3938 -15.75 -39.4042
10 -44 -14 -36.3731 -12.25 -39.4042 -10.5 -38.3938
13 -44 -7 -36.3731 -10.5 -38.3938 -8.75 -39.4042
17 -44 -7 -36.3731 -5.25 -39.4042 -3.5 -38.3938
20 -44 0 -36.3731 -3.5 -38.3938 -1.75 -39.4042
24 -44 0 -36.3731 1.75 -39.4042 3.5 -38.3938
27 -44 7 -36.3731 3.5 -38.3938 5.25 -39.4042
31 -44 7 -36.3731 8.75 -39.4042 10.5 -38.3938
34 -44 14 -36.3731 10.5 -38.3938 12.25 -39.4042
38 -44 14 -36.3731 15.75 -39.4042 17.5 -38.3938
41 -44 21 -36.3731 17.5 -38.3938 19.25 -39.4042
45 -44 21 -36.3731 22.75 -39.4042 24.5 -38.3938
48 -44 28 -36.3731 24.5 -38.3938 26.25 -39.4042
52 -44 28 -36.3731 29.75 -39.4042 31.5 -38.3938
55 -44 35 -36.3731 31.5 -38.3938 33.25 -39.4042
59 -44 35 -36.3731 36.75 -39.4042 38.5 -38.3938
62 -44 42 -36.3731 38.5 -38.3938 40.25 -39.4042
66 -44 42 -36.3731 43.75 -39.4042 45.5 -38.3938
69 -44 49 -36.3731 45.5 -38.3938 47.25 -39.4042
-67 -43 -91 -36.3731 -87.5 -38.3938 -87.5 -36.3731
-65 -43 -84 -36.3731 -87.5 -36.3731 -87.5 -38.3938
-60 -43 -84 -36.3731 -80.5 -38.3938 -80.5 -36.3731
-58 -43 -77 -36.3731 -80.5 -36.3731 -80.5 -38.3938
-53 -43 -77 -36.3731 -73.5 -38.3938 -73.5 -36.3731
-51 -43 -70 -36.3731 -73.5 -36.3731 -73.5 -38.3938
-46 -43 -70 -36.3731 -66.5 -38.3938 -66.5 -36.3731
-44 -43 -63 -36.3731 -66.5 -36.3731 -66.5 -38.3938
-39 -43 -63 -36.3731 -59.5 -38.3938 -59.5 -36.3731
-37 -43 -56 -36.3731 -59.5 -36.3731 -59.5 -38.3938
-32 -43 -56 -36.3731 -52.5 -38.3938 -52.5 -36.3731
-30 -43 -49 -36.3731 -52.5 -36.3731 -52.5 -38.3938
-25 -43 -49 -36.3731 -45.5 -38.3938 -45.5 -36.3731
-23 -43 -42 -36.3731 -45.5 -36.3731 -45.5 -38.3938
-18 -43 -42 -36.3731 -38.5 -38.3938 -38.5 -36.3731
-16 -43 -35 -36.3731 -38.5 -36.3731 -38.5 -38.3938
-11 -43 -35 -36.3731 -31.5 -38.3938 -31.5 -36.3731
-9 -43 -28 -36.3731 -31.5 -36.3731 -31.5 -38.3938
-4 -43 -28 -36.3731 -24.5 -38.3938 -24.5 -36.3731
-2 -43 -21 -36.3731 -24.5 -36.3731 -24.5 -38.3938
3 -43 -21 -36.3731 -17.5 -38.3938 -17.5 -36.3731
5 -43 -14 -36.3731 -17.5 -36.3731 -17.5 -38.3938
10 -43 -14 -36.3731 -10.5 -38.3938 -10.5 -36.3731
12 -43 -7 -36.3731 -10.5 -36.3731 -10.5 -38.3938
17 -43 -7 -36.3731 -3.5 -38.3938 -3.5 -36.3731
19 -43 0 -36.3731 -3.5 -36.3731 -3.5 -38.3938
24 -43 0 -36.3731 3.5 -38.3938 3.5 -36.3731
26 -43 7 -36.3731 3.5 -36.3731 3.5 -38.3938
31 -43 7 -36.3731 10.5 -38.3938 10.5 -36.3731
33 -43 14 -36.3731 10.5 -36.3731 10.5 -38.3938
38 -43 14 -36.3731 17.5 -38.3938 17.5 -36.3731
40 -43 21 -36.3731 17.5 -36.3731 17.5 -38.3938
45 -43 21 -36.3731 24.5 -38.3938 24.5 -36.3731
47 -43 28 -36.3731 24.5 -36.3731 24.5 -38.3938
52 -43 28 -36.3731 31.5 -38.3938 31.5 -36.3731
54 -43 35 -36.3731 31.5 -36.3731 31.5 -38.3938
59 -43 35 -36.3731 38.5 -38.3938 38.5 -36.3731
61 -43 42 -36.3731 38.5 -36.3731 38.5 -38.3938
66 -43 42 -36.3731 45.5 -38.3938 45.5 -36.3731
68 -43 49 -36.3731 45.5 -36.3731 45.5 -38.3938
-68 -41 -91 -36.3731 -87.5 -36.3731 -87.5 -34.3523
-66 -41 -84 -36.3731 -87.5 -34.3523 -87.5 -36.3731
-61 -41 -84 -36.3731 -80.5 -36.3731 -80.5 -34.3523
-59 -41 -77 -36.3731 -80.5 -34.3523 -80.5 -36.3731
-54 -41 -77 -36.3731 -73.5 -36.3731 -73.5 -34.3523
-52 -41 -70 -36.3731 -73.5 -34.3523 -73.5 -36.3731
-47 -41 -70 -36.3731 -66.5 -36.3731 -66.5 -34.3523
-45 -41 -63 -36.3731 -66.5 -34.3523 -66.5 -36.3731
-40 -41 -63 -36.3731 -59.5 -36.3731 -59.5 -34.3523
-38 -41 -56 -36.3731 -59.5 -34.3523 -59.5 -36.3731
-33 -41 -56 -36.3731 -52.5 -36.3731 -52.5 -34.3523
-31 -41 -49 -36.3731 -52.5 -34.3523 -52.5 -36.3731
-26 -41 -49 -36.3731 -45.5 -36.3731 -45.5 -34.3523
-24 -41 -42 -36.3731 -45.5 -34.3523 -45.5 -36.3731
-19 -41 -42 -36.3731 -38.5 -36.3731 -38.5 -34.3523
-17 -41 -35 -36.3731 -38.5 -34.3523 -38.5 -36.3731
-12 -41 -35 -36.3731 -31.5 -36.3731 -31.5 -34.3523
-10 -41 -28 -36.3731 -31.5 -34.3523 -31.5 -36.3731
-5 -41 -28 -36.3731 -24.5 -36.3731 -24.5 -34.3523
-3 -41 -21 -36.3731 -24.5 -34.3523 -24.5 -36.3731
2 -41 -21 -36.3731 -17.5 -36.3731 -17.5 -34.3523
4 -41 -14 -36.3731 -17.5 -34.3523 -17.5 -36.3731
9 -41 -14 -36.3731 -10.5 -36.3731 -10.5 -34.3523
11 -41 -7 -36.3731 -10.5 -34.3523 -10.5 -36.3731
16 -41 -7 -36.3731 -3.5 -36.3731 -3.5 -34.3523
18 -41 0 -36.3731 -3.5 -34.3523 -3.5 -36.3731
23 -41 0 -36.3731 3.5 -36.3731 3.5 -34.3523
25 -41 7 -36.3731 3.5 -34.3523 3.5 -36.3731
30 -41 7 -36.3731 10.5 -36.3731 10.5 -34.3523
32 -41 14 -36.3731 10.5 -34.3523 10.5 -36.3731
37 -41 14 -36.3731 17.5 -36.3731 17.5 -34.3523
39 -41 21 -36.3731 17.5 -34.3523 17.5 -36.3731
44 -41 21 -36.3731 24.5 -36.3731 24.5 -34.3523
46 -41 28 -36.3731 24.5 -34.3523 24.5 -36.3731
51 -41 28 -36.3731 31.5 -36.3731 31.5 -34.3523
53 -41 35 -36.3731 31.5 -34.3523 31.5 -36.3731
58 -41 35 -36.3731 38.5 -36.3731 38.5 -34.3523
60 -41 42 -36.3731 38.5 -34.3523 38.5 -36.3731
65 -41 42 -36.3731 45.5 -36.3731 45.5 -34.3523
67 -41 49 -36.3731 45.5 -34.3523 45.5 -36.3731
-69 -40 -87.5 -34.3523 -89.25 -33.342 -91 -36.3731
-66 -40 -84 -36.3731 -85.75 -33.342 -87.5 -34.3523
-62 -40 -80.5 -34.3523 -82.25 -33.342 -84 -36.3731
-59 -40 -77 -36.3731 -78.75 -33.342 -80.5 -34.3523
-55 -40 -73.5 -34.3523 -75.25 -33.342 -77 -36.3731
-52 -40 -70 -36.3731 -71.75 -33.342 -73.5 -34.3523
-48 -40 -66.5 -34.3523 -68.25 -33.342 -70 -36.3731
-45 -40 -63 -36.3731 -64.75 -33.342 -66.5 -34.3523
-41 -40 -59.5 -34.3523 -61.25 -33.342 -63 -36.3731
-38 -40 -56 -36.3731 -57.75 -33.342 -59.5 -34.3523
-34 -40 -52.5 -34.3523 -54.25 -33.342 -56 -36.3731
-31 -40 -49 -36.3731 -50.75 -33.342 -52.5 -34.3523
-27 -40 -45.5 -34.3523 -47.25 -33.342 -49 -36.3731
-24 -40 -42 -36.3731 -43.75 -33.342 -45.5 -34.3523
-20 -40 -38.5 -34.3523 -40.25 -33.342 -42 -36.3731
-17 -40 -35 -36.3731 -36.75 -33.342 -38.5 -34.3523
-13 -40 -31.5 -34.3523 -33.25 -33.342 -35 -36.3731
-10 -40 -28 -36.3731 -29.75 -33.342 -31.5 -34.3523
-6 -40 -24.5 -34.3523 -26.25 -33.342 -28 -36.3731
-3 -40 -21 -36.3731 -22.75 -33.342 -24.5 -34.3523
1 -40 -17.5 -34.3523 -19.25 -33.342 -21 -36.3731
4 -40 -14 -36.3731 -15.75 -33.342 -17.5 -34.3523
8 -40 -10.5 -34.3523 -12.25 -33.342 -14 -36.3731
11 -40 -7 -36.3731 -8.75 -33.342 -10.5 -34.3523
15 -40 -3.5 -34.3523 -5.25 -33.342 -7 -36.3731
18 -40 0 -36.3731 -1.75 -33.342 -3.5 -34.3523
22 -40 3.5 -34.3523 1.75 -33.342 0 -36.3731
25 -40 7 -36.3731 5.25 -33.342 3.5 -34.3523
29 -40 10.5 -34.3523 8.75 -33.342 7 -36.3731
32 -40 14 -36.3731 12.25 -33.342 10.5 -34.3523
36 -40 17.5 -34.3523 15.75 -33.342 14 -36.3731
39 -40 21 -36.3731 19.25 -33.342 17.5 -34.3523
43 -40 24.5 -34.3523 22.75 -33.342 21 -36.3731
46 -40 28 -36.3731 26.25 -33.342 24.5 -34.3523
50 -40 31.5 -34.3523 29.75 -33.342 28 -36.3731
53 -40 35 -36.3731 33.25 -33.342 31.5 -34.3523
57 -40 38.5 -34.3523 36.75 -33.342 35 -36.3731
60 -40 42 -36.3731 40.25 -33.342 38.5 -34.3523
64 -40 45.5 -34.3523 43.75 -33.342 42 -36.3731
67 -40 49 -36.3731 47.25 -33.342 45.5 -34.3523
-65 -39 -84 -36.3731 -84 -32.3316 -85.75 -33.342
-64 -39 -84 -36.3731 -82.25 -33.342 -84 -32.3316
-58 -39 -77 -36.3731 -77 -32.3316 -78.75 -33.342
-57 -39 -77 -36.3731 -75.25 -33.342 -77 -32.3316
-51 -39 -70 -36.3731 -70 -32.3316 -71.75 -33.342
-50 -39 -70 -36.3731 -68.25 -33.342 -70 -32.3316
-44 -39 -63 -36.3731 -63 -32.3316 -64.75 -33.342
-43 -39 -63 -36.3731 -61.25 -33.342 -63 -32.3316
-37 -39 -56 -36.3731 -56 -32.3316 -57.75 -33.342
-36 -39 -56 -36.3731 -54.25 -33.342 -56 -32.3316
-30 -39 -49 -36.3731 -49 -32.3316 -50.75 -33.342
-29 -39 -49 -36.3731 -47.25 -33.342 -49 -32.3316
-23 -39 -42 -36.3731 -42 -32.3316 -43.75 -33.342
-22 -39 -42 -36.3731 -40.25 -33.342 -42 -32.3316
-16 -39 -35 -36.3731 -35 -32.3316 -36.75 -33.342
-15 -39 -35 -36.3731 -33.25 -33.342 -35 -32.3316
-9 -39 -28 -36.3731 -28 -32.3316 -29.75 -33.342
-8 -39 -28 -36.3731 -26.25 -33.342 -28 -32.3316
-2 -39 -21 -36.3731 -21 -32.3316 -22.75 -33.342
-1 -39 -21 -36.3731 -19.25 -33.342 -21 -32.3316
5 -39 -14 -36.3731 -14 -32.3316 -15.75 -33.342
6 -39 -14 -36.3731 -12.25 -33.342 -14 -32.3316
12 -39 -7 -36.3731 -7 -32.3316 -8.75 -33.342
13 -39 -7 -36.3731 -5.25 -33.342 -7 -32.3316
19 -39 0 -36.3731 0 -32.3316 -1.75 -33.342
20 -39 0 -36.3731 1.75 -33.342 0 -32.3316
26 -39 7 -36.3731 7 -32.3316 5.25 -33.342
27 -39 7 -36.3731 8.75 -33.342 7 -32.3316
33 -39 14 -36.3731 14 -32.3316 12.25 -33.342
34 -39 14 -36.3731 15.75 -33.342 14 -32.3316
40 -39 21 -36.3731 21 -32.3316 19.25 -33.342
41 -39 21 -36.3731 22.75 -33.342 21 -32.3316
47 -39 28 -36.3731 28 -32.3316 26.25 -33.342
48 -39 28 -36.3731 29.75 -33.342 28 -32.3316
54 -39 35 -36.3731 35 -32.3316 33.25 -33.342
55 -39 35 -36.3731 36.75 -33.342 35 -32.3316
61 -39 42 -36.3731 42 -32.3316 40.25 -33.342
62 -39 42 -36.3731 43.75 -33.342 42 -32.3316
68 -39 49 -36.3731 49 -32.3316 47.25 -33.342
69 -39 49 -36.3731 50.75 -33.342 49 -32.3316
-69 -38 -87.5 -30.3109 -89.25 -33.342 -87.5 -34.3523
-68 -38 -87.5 -30.3109 -87.5 -34.3523 -85.75 -33.342
-62 -38 -80.5 -30.3109 -82.25 -33.342 -80.5 -34.3523
-61 -38 -80.5 -30.3109 -80.5 -34.3523 -78.75 -33.342
-55 -38 -73.5 -30.3109 -75.25 -33.342 -73.5 -34.3523
-54 -38 -73.5 -30.3109 -73.5 -34.3523 -71.75 -33.342
-48 -38 -66.5 -30.3109 -68.25 -33.342 -66.5 -34.3523
-47 -38 -66.5 -30.3109 -66.5 -34.3523 -64.75 -33.342
-41 -38 -59.5 -30.3109 -61.25 -33.342 -59.5 -34.3523
-40 -38 -59.5 -30.3109 -59.5 -34.3523 -57.75 -33.342
-34 -38 -52.5 -30.3109 -54.25 -33.342 -52.5 -34.3523
-33 -38 -52.5 -30.3109 -52.5 -34.3523 -50.75 -33.342
-27 -38 -45.5 -30.3109 -47.25 -33.342 -45.5 -34.3523
-26 -38 -45.5 -30.3109 -45.5 -34.3523 -43.75 -33.342
-20 -38 -38.5 -30.3109 -40.25 -33.342 -38.5 -34.3523
-19 -38 -38.5 -30.3109 -38.5 -34.3523 -36.75 -33.342
-13 -38 -31.5 -30.3109 -33.25 -33.342 -31.5 -34.3523
-12 -38 -31.5 -30.3109 -31.5 -34.3523 -29.75 -33.342
-6 -38 -24.5 -30.3109 -26.25 -33.342 -24.5 -34.3523
-5 -38 -24.5 -30.3109 -24.5 -34.3523 -22.75 -33.342
1 -38 -17.5 -30.3109 -19.25 -33.342 -17.5 -34.3523
2 -38 -17.5 -30.3109 -17.5 -34.3523 -15.75 -33.342
8 -38 -10.5 -30.3109 -12.25 -33.342 -10.5 -34.3523
9 -38 -10.5 -30.3109 -10.5 -34.3523 -8.75 -33.342
15 -38 -3.5 -30.3109 -5.25 -33.342 -3.5 -34.3523
16 -38 -3.5 -30.3109 -3.5 -34.3523 -1.75 -33.342
22 -38 3.5 -30.3109 1.75 -33.342 3.5 -34.3523
23 -38 3.5 -30.3109 3.5 -34.3523 5.25 -33.342
29 -38 10.5 -30.3109 8.75 -33.342 10.5 -34.3523
30 -38 10.5 -30.3109 10.5 -34.3523 12.25 -33.342
36 -38 17.5 -30.3109 15.75 -33.342 17.5 -34.3523
37 -38 17.5 -30.3109 17.5 -34.3523 19.25 -33.342
43 -38 24.5 -30.3109 22.75 -33.342 24.5 -34.3523
44 -38 24.5 -30.3109 24.5 -34.3523 26.25 -33.342
50 -38 31.5 -30.3109 29.75 -33.342 31.5 -34.3523
51 -38 31.5 -30.3109 31.5 -34.3523 33.25 -33.342
57 -38 38.5 -30.3109 36.75 -33.342 38.5 -34.3523
58 -38 38.5 -30.3109 38.5 -34.3523 40.25 -33.342
64 -38 45.5 -30.3109 43.75 -33.342 45.5 -34.3523
65 -38 45.5 -30.3109 45.5 -34.3523 47.25 -33.342
-67 -37 -87.5 -30.3109 -85.75 -33.342 -84 -32.3316
-64 -37 -80.5 -30.3109 -84 -32.3316 -82.25 -33.342
-60 -37 -80.5 -30.3109 -78.75 -33.342 -77 -32.3316
-57 -37 -73.5 -30.3109 -77 -32.3316 -75.25 -33.342
-53 -37 -73.5 -30.3109 -71.75 -33.342 -70 -32.3316
-50 -37 -66.5 -30.3109 -70 -32.3316 -68.25 -33.342
-46 -37 -66.5 -30.3109 -64.75 -33.342 -63 -32.3316
-43 -37 -59.5 -30.3109 -63 -32.3316 -61.25 -33.342
-39 -37 -59.5 -30.3109 -57.75 -33.342 -56 -32.3316
-36 -37 -52.5 -30.3109 -56 -32.3316 -54.25 -33.342
-32 -37 -52.5 -30.3109 -50.75 -33.342 -49 -32.3316
-29 -37 -45.5 -30.3109 -49 -32.3316 -47.25 -33.342
-25 -37 -45.5 -30.3109 -43.75 -33.342 -42 -32.3316
-22 -37 -38.5 -30.3109 -42 -32.3316 -40.25 -33.342
-18 -37 -38.5 -30.3109 -36.75 -33.342 -35 -32.3316
-15 -37 -31.5 -30.3109 -35 -32.3316 -33.25 -33.342
-11 -37 -31.5 -30.3109 -29.75 -33.342 -28 -32.3316
-8 -37 -24.5 -30.3109 -28 -32.3316 -26.25 -33.342
-4 -37 -24.5 -30.3109 -22.75 -33.342 -21 -32.3316
-1 -37 -17.5 -30.3109 -21 -32.3316 -19.25 -33.342
3 -37 -17.5 -30.3109 -15.75 -33.342 -14 -32.3316
6 -37 -10.5 -30.3109 -14 -32.3316 -12.25 -33.342
10 -37 -10.5 -30.3109 -8.75 -33.342 -7 -32.3316
13 -37 -3.5 -30.3109 -7 -32.3316 -5.25 -33.342
17 -37 -3.5 -30.3109 -1.75 -33.342 0 -32.3316
20 -37 3.5 -30.3109 0 -32.3316 1.75 -33.342
24 -37 3.5 -30.3109 5.25 -33.342 7 -32.3316
27 -37 10.5 -30.3109 7 -32.3316 8.75 -33.342
31 -37 10.5 -30.3109 12.25 -33.342 14 -32.3316
34 -37 17.5 -30.3109 14 -32.3316 15.75 -33.342
38 -37 17.5 -30.3109 19.25 -33.342 21 -32.3316
41 -37 24.5 -30.3109 21 -32.3316 22.75 -33.342
45 -37 24.5 -30.3109 26.25 -33.342 28 -32.3316
48 -37 31.5 -30.3109 28 -32.3316 29.75 -33.342
52 -37 31.5 -30.3109 33.25 -33.342 35 -32.3316
55 -37 38.5 -30.3109 35 -32.3316 36.75 -33.342
59 -37 38.5 -30.3109 40.25 -33.342 42 -32.3316
62 -37 45.5 -30.3109 42 -32.3316 43.75 -33.342
66 -37 45.5 -30.3109 47.25 -33.342 49 -32.3316
69 -37 52.5 -30.3109 49 -32.3316 50.75 -33.342
-67 -36 -87.5 -30.3109 -84 -32.3316 -84 -30.3109
-65 -36 -80.5 -30.3109 -84 -30.3109 -84 -32.3316
-60 -36 -80.5 -30.3109 -77 -32.3316 -77 -30.3109
-58 -36 -73.5 -30.3109 -77 -30.3109 -77 -32.3316
-53 -36 -73.5 -30.3109 -70 -32.3316 -70 -30.3109
-51 -36 -66.5 -30.3109 -70 -30.3109 -70 -32.3316
-46 -36 -66.5 -30.3109 -63 -32.3316 -63 -30.3109
-44 -36 -59.5 -30.3109 -63 -30.3109 -63 -32.3316
-39 -36 -59.5 -30.3109 -56 -32.3316 -56 -30.3109
-37 -36 -52.5 -30.3109 -56 -30.3109 -56 -32.3316
-32 -36 -52.5 -30.3109 -49 -32.3316 -49 -30.3109
-30 -36 -45.5 -30.3109 -49 -30.3109 -49 -32.3316
-25 -36 -45.5 -30.3109 -42 -32.3316 -42 -30.3109
-23 -36 -38.5 -30.3109 -42 -30.3109 -42 -32.3316
-18 -36 -38.5 -30.3109 -35 -32.3316 -35 -30.3109
-16 -36 -31.5 -30.3109 -35 -30.3109 -35 -32.3316
-11 -36 -31.5 -30.3109 -28 -32.3316 -28 -30.3109
-9 -36 -24.5 -30.3109 -28 -30.3109 -28 -32.3316
-4 -36 -24.5 -30.3109 -21 -32.3316 -21 -30.3109
-2 -36 -17.5 -30.3109 -21 -30.3109 -21 -32.3316
3 -36 -17.5 -30.3109 -14 -32.3316 -14 -30.3109
5 -36 -10.5 -30.3109 -14 -30.3109 -14 -32.3316
10 -36 -10.5 -30.3109 -7 -32.3316 -7 -30.3109
12 -36 -3.5 -30.3109 -7 -30.3109 -7 -32.3316
17 -36 -3.5 -30.3109 0 -32.3316 0 -30.3109
19 -36 3.5 -30.3109 0 -30.3109 0 -32.3316
24 -36 3.5 -30.3109 7 -32.3316 7 -30.3109
26 -36 10.5 -30.3109 7 -30.3109 7 -32.3316
31 -36 10.5 -30.3109 14 -32.3316 14 -30.3109
33 -36 17.5 -30.3109 14 -30.3109 14 -32.3316
38 -36 17.5 -30.3109 21 -32.3316 21 -30.3109
40 -36 24.5 -30.3109 21 -30.3109 21 -32.3316
45 -36 24.5 -30.3109 28 -32.3316 28 -30.3109
47 -36 31.5 -30.3109 28 -30.3109 28 -32.3316
52 -36 31.5 -30.3109 35 -32.3316 35 -30.3109
54 -36 38.5 -30.3109 35 -30.3109 35 -32.3316
59 -36 38.5 -30.3109 42 -32.3316 42 -30.3109
61 -36 45.5 -30.3109 42 -30.3109 42 -32.3316
66 -36 45.5 -30.3109 49 -32.3316 49 -30.3109
68 -36 52.5 -30.3109 49 -30.3109 49 -32.3316
-68 -34 -87.5 -30.3109 -84 -30.3109 -84 -28.2902
-66 -34 -80.5 -30.3109 -84 -28.2902 -84 -30.3109
-61 -34 -80.5 -30.3109 -77 -30.3109 -77 -28.2902
-59 -34 -73.5 -30.3109 -77 -28.2902 -77 -30.3109
-54 -34 -73.5 -30.3109 -70 -30.3109 -70 -28.2902
-52 -34 -66.5 -30.3109 -70 -28.2902 -70 -30.3109
-47 -34 -66.5 -30.3109 -63 -30.3109 -63 -28.2902
-45 -34 -59.5 -30.3109 -63 -28.2902 -63 -30.3109
-40 -34 -59.5 -30.3109 -56 -30.3109 -56 -28.2902
-38 -34 -52.5 -30.3109 -56 -28.2902 -56 -30.3109
-33 -34 -52.5 -30.3109 -49 -30.3109 -49 -28.2902
-31 -34 -45.5 -30.3109 -49 -28.2902 -49 -30.3109
-26 -34 -45.5 -30.3109 -42 -30.3109 -42 -28.2902
-24 -34 -38.5 -30.3109 -42 -28.2902 -42 -30.3109
-19 -34 -38.5 -30.3109 -35 -30.3109 -35 -28.2902
-17 -34 -31.5 -30.3109 -35 -28.2902 -35 -30.3109
-12 -34 -31.5 -30.3109 -28 -30.3109 -28 -28.2902
-10 -34 -24.5 -30.3109 -28 -28.2902 -28 -30.3109
-5 -34 -24.5 -30.3109 -21 -30.3109 -21 -28.2902
-3 -34 -17.5 -30.3109 -21 -28.2902 -21 -30.3109
2 -34 -17.5 -30.3109 -14 -30.3109 -14 -28.2902
4 -34 -10.5 -30.3109 -14 -28.2902 -14 -30.3109
9 -34 -10.5 -30.3109 -7 -30.3109 -7 -28.2902
11 -34 -3.5 -30.3109 -7 -28.2902 -7 -30.3109
16 -34 -3.5 -30.3109 0 -30.3109 0 -28.2902
18 -34 3.5 -30.3109 0 -28.2902 0 -30.3109
23 -34 3.5 -30.3109 7 -30.3109 7 -28.2902
25 -34 10.5 -30.3109 7 -28.2902 7 -30.3109
30 -34 10.5 -30.3109 14 -30.3109 14 -28.2902
32 -34 17.5 -30.3109 14 -28.2902 14 -30.3109
37 -34 17.5 -30.3109 21 -30.3109 21 -28.2902
39 -34 24.5 -30.3109 21 -28.2902 21 -30.3109
44 -34 24.5 -30.3109 28 -30.3109 28 -28.2902
46 -34 31.5 -30.3109 28 -28.2902 28 -30.3109
51 -34 31.5 -30.3109 35 -30.3109 35 -28.2902
53 -34 38.5 -30.3109 35 -28.2902 35 -30.3109
58 -34 38.5 -30.3109 42 -30.3109 42 -28.2902
60 -34 45.5 -30.3109 42 -28.2902 42 -30.3109
65 -34 45.5 -30.3109 49 -30.3109 49 -28.2902
67 -34 52.5 -30.3109 49 -28.2902 49 -30.3109
-69 -33 -84 -28.2902 -85.75 -27.2798 -87.5 -30.3109
-66 -33 -80.5 -30.3109 -82.25 -27.2798 -84 -28.2902
-62 -33 -77 -28.2902 -78.75 -27.2798 -80.5 -30.3109
-59 -33 -73.5 -30.3109 -75.25 -27.2798 -77 -28.2902
-55 -33 -70 -28.2902 -71.75 -27.2798 -73.5 -30.3109
-52 -33 -66.5 -30.3109 -68.25 -27.2798 -70 -28.2902
-48 -33 -63 -28.2902 -64.75 -27.2798 -66.5 -30.3109
-45 -33 -59.5 -30.3109 -61.25 -27.2798 -63 -28.2902
-41 -33 -56 -28.2902 -57.75 -27.2798 -59.5 -30.3109
-38 -33 -52.5 -30.3109 -54.25 -27.2798 -56 -28.2902
-34 -33 -49 -28.2902 -50.75 -27.2798 -52.5 -30.3109
-31 -33 -45.5 -30.3109 -47.25 -27.2798 -49 -28.2902
-27 -33 -42 -28.2902 -43.75 -27.2798 -45.5 -30.3109
-24 -33 -38.5 -30.3109 -40.25 -27.2798 -42 -28.2902
-20 -33 -35 -28.2902 -36.75 -27.2798 -38.5 -30.3109
-17 -33 -31.5 -30.3109 -33.25 -27.2798 -35 -28.2902
-13 -33 -28 -28.2902 -29.75 -27.2798 -31.5 -30.3109
-10 -33 -24.5 -30.3109 -26.25 -27.2798 -28 -28.2902
-6 -33 -21 -28.2902 -22.75 -27.2798 -24.5 -30.3109
-3 -33 -17.5 -30.3109 -19.25 -27.2798 -21 -28.2902
1 -33 -14 -28.2902 -15.75 -27.2798 -17.5 -30.3109
4 -33 -10.5 -30.3109 -12.25 -27.2798 -14 -28.2902
8 -33 -7 -28.2902 -8.75 -27.2798 -10.5 -30.3109
11 -33 -3.5 -30.3109 -5.25 -27.2798 -7 -28.2902
15 -33 0 -28.2902 -1.75 -27.2798 -3.5 -30.3109
18 -33 3.5 -30.3109 1.75 -27.2798 0 -28.2902
22 -33 7 -28.2902 5.25 -27.2798 3.5 -30.3109
25 -33 10.5 -30.3109 8.75 -27.2798 7 -28.2902
29 -33 14 -28.2902 12.25 -27.2798 10.5 -30.3109
32 -33 17.5 -30.3109 15.75 -27.2798 14 -28.2902
36 -33 21 -28.2902 19.25 -27.2798 17.5 -30.3109
39 -33 24.5 -30.3109 22.75 -27.2798 21 -28.2902
43 -33 28 -28.2902 26.25 -27.2798 24.5 -30.3109
46 -33 31.5 -30.3109 29.75 -27.2798 28 -28.2902
50 -33 35 -28.2902 33.25 -27.2798 31.5 -30.3109
53 -33 38.5 -30.3109 36.75 -27.2798 35 -28.2902
57 -33 42 -28.2902 40.25 -27.2798 38.5 -30.3109
60 -33 45.5 -30.3109 43.75 -27.2798 42 -28.2902
64 -33 49 -28.2902 47.25 -27.2798 45.5 -30.3109
67 -33 52.5 -30.3109 50.75 -27.2798 49 -28.2902
-65 -32 -80.5 -30.3109 -80.5 -26.2694 -82.25 -27.2798
-64 -32 -80.5 -30.3109 -78.75 -27.2798 -80.5 -26.2694
-58 -32 -73.5 -30.3109 -73.5 -26.2694 -75.25 -27.2798
-57 -32 -73.5 -30.3109 -71.75 -27.2798 -73.5 -26.2694
-51 -32 -66.5 -30.3109 -66.5 -26.2694 -68.25 -27.2798
-50 -32 -66.5 -30.3109 -64.75 -27.2798 -66.5 -26.2694
-44 -32 -59.5 -30.3109 -59.5 -26.2694 -61.25 -27.2798
-43 -32 -59.5 -30.3109 -57.75 -27.2798 -59.5 -26.2694
-37 -32 -52.5 -30.3109 -52.5 -26.2694 -54.25 -27.2798
-36 -32 -52.5 -30.3109 -50.75 -27.2798 -52.5 -26.2694
-30 -32 -45.5 -30.3109 -45.5 -26.2694 -47.25 -27.2798
-29 -32 -45.5 -30.3109 -43.75 -27.2798 -45.5 -26.2694
-23 -32 -38.5 -30.3109 -38.5 -26.2694 -40.25 -27.2798
-22 -32 -38.5 -30.3109 -36.75 -27.2798 -38.5 -26.2694
-16 -32 -31.5 -30.3109 -31.5 -26.2694 -33.25 -27.2798
-15 -32 -31.5 -30.3109 -29.75 -27.2798 -31.5 -26.2694
-9 -32 -24.5 -30.3109 -24.5 -26.2694 -26.25 -27.2798
-8 -32 -24.5 -30.3109 -22.75 -27.2798 -24.5 -26.2694
-2 -32 -17.5 -30.3109 -17.5 -26.2694 -19.25 -27.2798
-1 -32 -17.5 -30.3109 -15.75 -27.2798 -17.5 -26.2694
5 -32 -10.5 -30.3109 -10.5 -26.2694 -12.25 -27.2798
6 -32 -10.5 -30.3109 -8.75 -27.2798 -10.5 -26.2694
12 -32 -3.5 -30.3109 -3.5 -26.2694 -5.25 -27.2798
13 -32 -3.5 -30.3109 -1.75 -27.2798 -3.5 -26.2694
19 -32 3.5 -30.3109 3.5 -26.2694 1.75 -27.2798
20 -32 3.5 -30.3109 5.25 -27.2798 3.5 -26.2694
26 -32 10.5 -30.3109 10.5 -26.2694 8.75 -27.2798
27 -32 10.5 -30.3109 12.25 -27.2798 10.5 -26.2694
33 -32 17.5 -30.3109 17.5 -26.2694 15.75 -27.2798
34 -32 17.5 -30.3109 19.25 -27.2798 17.5 -26.2694
40 -32 24.5 -30.3109 24.5 -26.2694 22.75 -27.2798
41 -32 24.5 -30.3109 26.25 -27.2798 24.5 -26.2694
47 -32 31.5 -30.3109 31.5 -26.2694 29.75 -27.2798
48 -32 31.5 -30.3109 33.25 -27.2798 31.5 -26.2694
54 -32 38.5 -30.3109 38.5 -26.2694 36.75 -27.2798
55 -32 38.5 -30.3109 40.25 -27.2798 38.5 -26.2694
61 -32 45.5 -30.3109 45.5 -26.2694 43.75 -27.2798
62 -32 45.5 -30.3109 47.25 -27.2798 45.5 -26.2694
68 -32 52.5 -30.3109 52.5 -26.2694 50.75 -27.2798
69 -32 52.5 -30.3109 54.25 -27.2798 52.5 -26.2694
-69 -31 -84 -24.2487 -85.75 -27.2798 -84 -28.2902
-68 -31 -84 -24.2487 -84 -28.2902 -82.25 -27.2798
-62 -31 -77 -24.2487 -78.75 -27.2798 -77 -28.2902
-61 -31 -77 -24.2487 -77 -28.2902 -75.25 -27.2798
-55 -31 -70 -24.2487 -71.75 -27.2798 -70 -28.2902
-54 -31 -70 -24.2487 -70 -28.2902 -68.25 -27.2798
-48 -31 -63 -24.2487 -64.75 -27.2798 -63 -28.2902
-47 -31 -63 -24.2487 -63 -28.2902 -61.25 -27.2798
-41 -31 -56 -24.2487 -57.75 -27.2798 -56 -28.2902
-40 -31 -56 -24.2487 -56 -28.2902 -54.25 -27.2798
-34 -31 -49 -24.2487 -50.75 -27.2798 -49 -28.2902
-33 -31 -49 -24.2487 -49 -28.2902 -47.25 -27.2798
-27 -31 -42 -24.2487 -43.75 -27.2798 -42 -28.2902
-26 -31 -42 -24.2487 -42 -28.2902 -40.25 -27.2798
-20 -31 -35 -24.2487 -36.75 -27.2798 -35 -28.2902
-19 -31 -35 -24.2487 -35 -28.2902 -33.25 -27.2798
-13 -31 -28 -24.2487 -29.75 -27.2798 -28 -28.2902
-12 -31 -28 -24.2487 -28 -28.2902 -26.25 -27.2798
-6 -31 -21 -24.2487 -22.75 -27.2798 -21 -28.2902
-5 -31 -21 -24.2487 -21 -28.2902 -19.25 -27.2798
1 -31 -14 -24.2487 -15.75 -27.2798 -14 -28.2902
2 -31 -14 -24.2487 -14 -28.2902 -12.25 -27.2798
8 -31 -7 -24.2487 -8.75 -27.2798 -7 -28.2902
9 -31 -7 -24.2487 -7 -28.2902 -5.25 -27.2798
15 -31 0 -24.2487 -1.75 -27.2798 0 -28.2902
16 -31 0 -24.2487 0 -28.2902 1.75 -27.2798
22 -31 7 -24.2487 5.25 -27.2798 7 -28.2902
23 -31 7 -24.2487 7 -28.2902 8.75 -27.2798
29 -31 14 -24.2487 12.25 -27.2798 14 -28.2902
30 -31 14 -24.2487 14 -28.2902 15.75 -27.2798
36 -31 21 -24.2487 19.25 -27.2798 21 -28.2902
37 -31 21 -24.2487 21 -28.2902 22.75 -27.2798
43 -31 28 -24.2487 26.25 -27.2798 28 -28.2902
44 -31 28 -24.2487 28 -28.2902 29.75 -27.2798
50 -31 35 -24.2487 33.25 -27.2798 35 -28.2902
51 -31 35 -24.2487 35 -28.2902 36.75 -27.2798
57 -31 42 -24.2487 40.25 -27.2798 42 -28.2902
58 -31 42 -24.2487 42 -28.2902 43.75 -27.2798
64 -31 49 -24.2487 47.25 -27.2798 49 -28.2902
65 -31 49 -24.2487 49 -28.2902 50.75 -27.2798
-67 -30 -84 -24.2487 -82.25 -27.2798 -80.5 -26.2694
-64 -30 -77 -24.2487 -80.5 -26.2694 -78.75 -27.2798
-60 -30 -77 -24.2487 -75.25 -27.2798 -73.5 -26.2694
-57 -30 -70 -24.2487 -73.5 -26.2694 -71.75 -27.2798
-53 -30 -70 -24.2487 -68.25 -27.2798 -66.5 -26.2694
-50 -30 -63 -24.2487 -66.5 -26.2694 -64.75 -27.2798
-46 -30 -63 -24.2487 -61.25 -27.2798 -59.5 -26.2694
-43 -30 -56 -24.2487 -59.5 -26.2694 -57.75 -27.2798
-39 -30 -56 -24.2487 -54.25 -27.2798 -52.5 -26.2694
-36 -30 -49 -24.2487 -52.5 -26.2694 -50.75 -27.2798
-32 -30 -49 -24.2487 -47.25 -27.2798 -45.5 -26.2694
-29 -30 -42 -24.2487 -45.5 -26.2694 -43.75 -27.2798
-25 -30 -42 -24.2487 -40.25 -27.2798 -38.5 -26.2694
-22 -30 -35 -24.2487 -38.5 -26.2694 -36.75 -27.2798
-18 -30 -35 -24.2487 -33.25 -27.2798 -31.5 -26.2694
-15 -30 -28 -24.2487 -31.5 -26.2694 -29.75 -27.2798
-11 -30 -28 -24.2487 -26.25 -27.2798 -24.5 -26.2694
-8 -30 -21 -24.2487 -24.5 -26.2694 -22.75 -27.2798
-4 -30 -21 -24.2487 -19.25 -27.2798 -17.5 -26.2694
-1 -30 -14 -24.2487 -17.5 -26.2694 -15.75 -27.2798
3 -30 -14 -24.2487 -12.25 -27.2798 -10.5 -26.2694
6 -30 -7 -24.2487 -10.5 -26.2694 -8.75 -27.2798
10 -30 -7 -24.2487 -5.25 -27.2798 -3.5 -26.2694
13 -30 0 -24.2487 -3.5 -26.2694 -1.75 -27.2798
17 -30 0 -24.2487 1.75 -27.2798 3.5 -26.2694
20 -30 7 -24.2487 3.5 -26.2694 5.25 -27.2798
24 -30 7 -24.2487 8.75 -27.2798 10.5 -26.2694
27 -30 14 -24.2487 10.5 -26.2694 12.25 -27.2798
31 -30 14 -24.2487 15.75 -27.2798 17.5 -26.2694
34 -30 21 -24.2487 17.5 -26.2694 19.25 -27.2798
38 -30 21 -24.2487 22.75 -27.2798 24.5 -26.2694
41 -30 28 -24.2487 24.5 -26.2694 26.25 -27.2798
45 -30 28 -24.2487 29.75 -27.2798 31.5 -26.2694
48 -30 35 -24.2487 31.5 -26.2694 33.25 -27.2798
52 -30 35 -24.2487 36.75 -27.2798 38.5 -26.2694
55 -30 42 -24.2487 38.5 -26.2694 40.25 -27.2798
59 -30 42 -24.2487 43.75 -27.2798 45.5 -26.2694
62 -30 49 -24.2487 45.5 -26.2694 47.25 -27.2798
66 -30 49 -24.2487 50.75 -27.2798 52.5 -26.2694
69 -30 56 -24.2487 52.5 -26.2694 54.25 -27.2798
-67 -29 -84 -24.2487 -80.5 -26.2694 -80.5 -24.2487
-65 -29 -77 -24.2487 -80.5 -24.2487 -80.5 -26.2694
-60 -29 -77 -24.2487 -73.5 -26.2694 -73.5 -24.2487
-58 -29 -70 -24.2487 -73.5 -24.2487 -73.5 -26.2694
-53 -29 -70 -24.2487 -66.5 -26.2694 -66.5 -24.2487
-51 -29 -63 -24.2487 -66.5 -24.2487 -66.5 -26.2694
-46 -29 -63 -24.2487 -59.5 -26.2694 -59.5 -24.2487
-44 -29 -56 -24.2487 -59.5 -24.2487 -59.5 -26.2694
-39 -29 -56 -24.2487 -52.5 -26.2694 -52.5 -24.2487
-37 -29 -49 -24.2487 -52.5 -24.2487 -52.5 -26.2694
-32 -29 -49 -24.2487 -45.5 -26.2694 -45.5 -24.2487
-30 -29 -42 -24.2487 -45.5 -24.2487 -45.5 -26.2694
-25 -29 -42 -24.2487 -38.5 -26.2694 -38.5 -24.2487
-23 -29 -35 -24.2487 -38.5 -24.2487 -38.5 -26.2694
-18 -29 -35 -24.2487 -31.5 -26.2694 -31.5 -24.2487
-16 -29 -28 -24.2487 -31.5 -24.2487 -31.5 -26.2694
-11 -29 -28 -24.2487 -24.5 -26.2694 -24.5 -24.2487
-9 -29 -21 -24.2487 -24.5 -24.2487 -24.5 -26.2694
-4 -29 -21 -24.2487 -17.5 -26.2694 -17.5 -24.2487
-2 -29 -14 -24.2487 -17.5 -24.2487 -17.5 -26.2694
3 -29 -14 -24.2487 -10.5 -26.2694 -10.5 -24.2487
5 -29 -7 -24.2487 -10.5 -24.2487 -10.5 -26.2694
10 -29 -7 -24.2487 -3.5 -26.2694 -3.5 -24.2487
12 -29 0 -24.2487 -3.5 -24.2487 -3.5 -26.2694
17 -29 0 -24.2487 3.5 -26.2694 3.5 -24.2487
19 -29 7 -24.2487 3.5 -24.2487 3.5 -26.2694
24 -29 7 -24.2487 10.5 -26.2694 10.5 -24.2487
26 -29 14 -24.2487 10.5 -24.2487 10.5 -26.2694
31 -29 14 -24.2487 17.5 -26.2694 17.5 -24.2487
33 -29 21 -24.2487 17.5 -24.2487 17.5 -26.2694
38 -29 21 -24.2487 24.5 -26.2694 24.5 -24.2487
40 -29 28 -24.2487 24.5 -24.2487 24.5 -26.2694
45 -29 28 -24.2487 31.5 -26.2694 31.5 -24.2487
47 -29 35 -24.2487 31.5 -24.2487 31.5 -26.2694
52 -29 35 -24.2487 38.5 -26.2694 38.5 -24.2487
54 -29 42 -24.2487 38.5 -24.2487 38.5 -26.2694
59 -29 42 -24.2487 45.5 -26.2694 45.5 -24.2487
61 -29 49 -24.2487 45.5 -24.2487 45.5 -26.2694
66 -29 49 -24.2487 52.5 -26.2694 52.5 -24.2487
68 -29 56 -24.2487 52.5 -24.2487 52.5 -26.2694
-68 -27 -84 -24.2487 -80.5 -24.2487 -80.5 -22.228
-66 -27 -77 -24.2487 -80.5 -22.228 -80.5 -24.2487
-61 -27 -77 -24.2487 -73.5 -24.2487 -73.5 -22.228
-59 -27 -70 -24.2487 -73.5 -22.228 -73.5 -24.2487
-54 -27 -70 -24.2487 -66.5 -24.2487 -66.5 -22.228
-52 -27 -63 -24.2487 -66.5 -22.228 -66.5 -24.2487
-47 -27 -63 -24.2487 -59.5 -24.2487 -59.5 -22.228
-45 -27 -56 -24.2487 -59.5 -22.228 -59.5 -24.2487
-40 -27 -56 -24.2487 -52.5 -24.2487 -52.5 -22.228
-38 -27 -49 -24.2487 -52.5 -22.228 -52.5 -24.2487
-33 -27 -49 -24.2487 -45.5 -24.2487 -45.5 -22.228
-31 -27 -42 -24.2487 -45.5 -22.228 -45.5 -24.2487
-26 -27 -42 -24.2487 -38.5 -24.2487 -38.5 -22.228
-24 -27 -35 -24.2487 -38.5 -22.228 -38.5 -24.2487
-19 -27 -35 -24.2487 -31.5 -24.2487 -31.5 -22.228
-17 -27 -28 -24.2487 -31.5 -22.228 -31.5 -24.2487
-12 -27 -28 -24.2487 -24.5 -24.2487 -24.5 -22.228
-10 -27 -21 -24.2487 -24.5 -22.228 -24.5 -24.2487
-5 -27 -21 -24.2487 -17.5 -24.2487 -17.5 -22.228
-3 -27 -14 -24.2487 -17.5 -22.228 -17.5 -24.2487
2 -27 -14 -24.2487 -10.5 -24.2487 -10.5 -22.228
4 -27 -7 -24.2487 -10.5 -22.228 -10.5 -24.2487
9 -27 -7 -24.2487 -3.5 -24.2487 -3.5 -22.228
11 -27 0 -24.2487 -3.5 -22.228 -3.5 -24.2487
16 -27 0 -24.2487 3.5 -24.2487 3.5 -22.228
18 -27 7 -24.2487 3.5 -22.228 3.5 -24.2487
23 -27 7 -24.2487 10.5 -24.2487 10.5 -22.228
25 -27 14 -24.2487 10.5 -22.228 10.5 -24.2487
30 -27 14 -24.2487 17.5 -24.2487 17.5 -22.228
32 -27 21 -24.2487 17.5 -22.228 17.5 -24.2487
37 -27 21 -24.2487 24.5 -24.2487 24.5 -22.228
39 -27 28 -24.2487 24.5 -22.228 24.5 -24.2487
44 -27 28 -24.2487 31.5 -24.2487 31.5 -22.228
46 -27 35 -24.2487 31.5 -22.228 31.5 -24.2487
51 -27 35 -24.2487 38.5 -24.2487 38.5 -22.228
53 -27 42 -24.2487 38.5 -22.228 38.5 -24.2487
58 -27 42 -24.2487 45.5 -24.2487 45.5 -22.228
60 -27 49 -24.2487 45.5 -22.228 45.5 -24.2487
65 -27 49 -24.2487 52.5 -24.2487 52.5 -22.228
67 -27 56 -24.2487 52.5 -22.228 52.5 -24.2487
-69 -26 -80.5 -22.228 -82.25 -21.2176 -84 -24.2487
-66 -26 -77 -24.2487 -78.75 -21.2176 -80.5 -22.228
-62 -26 -73.5 -22.228 -75.25 -21.2176 -77 -24.2487
-59 -26 -70 -24.2487 -71.75 -21.2176 -73.5 -22.228
-55 -26 -66.5 -22.228 -68.25 -21.2176 -70 -24.2487
-52 -26 -63 -24.2487 -64.75 -21.2176 -66.5 -22.228
-48 -26 -59.5 -22.228 -61.25 -21.2176 -63 -24.2487
-45 -26 -56 -24.2487 -57.75 -21.2176 -59.5 -22.228
-41 -26 -52.5 -22.228 -54.25 -21.2176 -56 -24.2487
-38 -26 -49 -24.2487 -50.75 -21.2176 -52.5 -22.228
-34 -26 -45.5 -22.228 -47.25 -21.2176 -49 -24.2487
-31 -26 -42 -24.2487 -43.75 -21.2176 -45.5 -22.228
-27 -26 -38.5 -22.228 -40.25 -21.2176 -42 -24.2487
-24 -26 -35 -24.2487 -36.75 -21.2176 -38.5 -22.228
-20 -26 -31.5 -22.228 -33.25 -21.2176 -35 -24.2487
-17 -26 -28 -24.2487 -29.75 -21.2176 -31.5 -22.228
-13 -26 -24.5 -22.228 -26.25 -21.2176 -28 -24.2487
-10 -26 -21 -24.2487 -22.75 -21.2176 -24.5 -22.228
-6 -26 -17.5 -22.228 -19.25 -21.2176 -21 -24.2487
-3 -26 -14 -24.2487 -15.75 -21.2176 -17.5 -22.228
1 -26 -10.5 -22.228 -12.25 -21.2176 -14 -24.2487
4 -26 -7 -24.2487 -8.75 -21.2176 -10.5 -22.228
8 -26 -3.5 -22.228 -5.25 -21.2176 -7 -24.2487
11 -26 0 -24.2487 -1.75 -21.2176 -3.5 -22.228
15 -26 3.5 -22.228 1.75 -21.2176 0 -24.2487
18 -26 7 -24.2487 5.25 -21.2176 3.5 -22.228
22 -26 10.5 -22.228 8.75 -21.2176 7 -24.2487
25 -26 14 -24.2487 12.25 -21.2176 10.5 -22.228
29 -26 17.5 -22.228 15.75 -21.2176 14 -24.2487
32 -26 21 -24.2487 19.25 -21.2176 17.5 -22.228
36 -26 24.5 -22.228 22.75 -21.2176 21 -24.2487
39 -26 28 -24.2487 26.25 -21.2176 24.5 -22.228
43 -26 31.5 -22.228 29.75 -21.2176 28 -24.2487
46 -26 35 -24.2487 33.25 -21.2176 31.5 -22.228
50 -26 38.5 -22.228 36.75 -21.2176 35 -24.2487
53 -26 42 -24.2487 40.25 -21.2176 38.5 -22.228
57 -26 45.5 -22.228 43.75 -21.2176 42 -24.2487
60 -26 49 -24.2487 47.25 -21.2176 45.5 -22.228
64 -26 52.5 -22.228 50.75 -21.2176 49 -24.2487
67 -26 56 -24.2487 54.25 -21.2176 52.5 -22.228
-65 -25 -77 -24.2487 -77 -20.2073 -78.75 -21.2176
-64 -25 -77 -24.2487 -75.25 -21.2176 -77 -20.2073
-58 -25 -70 -24.2487 -70 -20.2073 -71.75 -21.2176
-57 -25 -70 -24.2487 -68.25 -21.2176 -70 -20.2073
-51 -25 -63 -24.2487 -63 -20.2073 -64.75 -21.2176
-50 -25 -63 -24.2487 -61.25 -21.2176 -63 -20.2073
-44 -25 -56 -24.2487 -56 -20.2073 -57.75 -21.2176
-43 -25 -56 -24.2487 -54.25 -21.2176 -56 -20.2073
-37 -25 -49 -24.2487 -49 -20.2073 -50.75 -21.2176
-36 -25 -49 -24.2487 -47.25 -21.2176 -49 -20.2073
-30 -25 -42 -24.2487 -42 -20.2073 -43.75 -21.2176
-29 -25 -42 -24.2487 -40.25 -21.2176 -42 -20.2073
-23 -25 -35 -24.2487 -35 -20.2073 -36.75 -21.2176
-22 -25 -35 -24.2487 -33.25 -21.2176 -35 -20.2073
-16 -25 -28 -24.2487 -28 -20.2073 -29.75 -21.2176
-15 -25 -28 -24.2487 -26.25 -21.2176 -28 -20.2073
-9 -25 -21 -24.2487 -21 -20.2073 -22.75 -21.2176
-8 -25 -21 -24.2487 -19.25 -21.2176 -21 -20.2073
-2 -25 -14 -24.2487 -14 -20.2073 -15.75 -21.2176
-1 -25 -14 -24.2487 -12.25 -21.2176 -14 -20.2073
5 -25 -7 -24.2487 -7 -20.2073 -8.75 -21.2176
6 -25 -7 -24.2487 -5.25 -21.2176 -7 -20.2073
12 -25 0 -24.2487 0 -20.2073 -1.75 -21.2176
13 -25 0 -24.2487 1.75 -21.2176 0 -20.2073
19 -25 7 -24.2487 7 -20.2073 5.25 -21.2176
20 -25 7 -24.2487 8.75 -21.2176 7 -20.2073
26 -25 14 -24.2487 14 -20.2073 12.25 -21.2176
27 -25 14 -24.2487 15.75 -21.2176 14 -20.2073
33 -25 21 -24.2487 21 -20.2073 19.25 -21.2176
34 -25 21 -24.2487 22.75 -21.2176 21 -20.2073
40 -25 28 -24.2487 28 -20.2073 26.25 -21.2176
41 -25 28 -24.2487 29.75 -21.2176 28 -20.2073
47 -25 35 -24.2487 35 -20.2073 33.25 -21.2176
48 -25 35 -24.2487 36.75 -21.2176 35 -20.2073
54 -25 42 -24.2487 42 -20.2073 40.25 -21.2176
55 -25 42 -24.2487 43.75 -21.2176 42 -20.2073
61 -25 49 -24.2487 49 -20.2073 47.25 -21.2176
62 -25 49 -24.2487 50.75 -21.2176 49 -20.2073
68 -25 56 -24.2487 56 -20.2073 54.25 -21.2176
69 -25 56 -24.2487 57.75 -21.2176 56 -20.2073
-69 -24 -80.5 -18.1865 -82.25 -21.2176 -80.5 -22.228
-68 -24 -80.5 -18.1865 -80.5 -22.228 -78.75 -21.2176
-62 -24 -73.5 -18.1865 -75.25 -21.2176 -73.5 -22.228
-61 -24 -73.5 -18.1865 -73.5 -22.228 -71.75 -21.2176
-55 -24 -66.5 -18.1865 -68.25 -21.2176 -66.5 -22.228
-54 -24 -66.5 -18.1865 -66.5 -22.228 -64.75 -21.2176
-48 -24 -59.5 -18.1865 -61.25 -21.2176 -59.5 -22.228
-47 -24 -59.5 -18.1865 -59.5 -22.228 -57.75 -21.2176
-41 -24 -52.5 -18.1865 -54.25 -21.2176 -52.5 -22.228
-40 -24 -52.5 -18.1865 -52.5 -22.228 -50.75 -21.2176
-34 -24 -45.5 -18.1865 -47.25 -21.2176 -45.5 -22.228
-33 -24 -45.5 -18.1865 -45.5 -22.228 -43.75 -21.2176
-27 -24 -38.5 -18.1865 -40.25 -21.2176 -38.5 -22.228
-26 -24 -38.5 -18.1865 -38.5 -22.228 -36.75 -21.2176
-20 -24 -31.5 -18.1865 -33.25 -21.2176 -31.5 -22.228
-19 -24 -31.5 -18.1865 -31.5 -22.228 -29.75 -21.2176
-13 -24 -24.5 -18.1865 -26.25 -21.2176 -24.5 -22.228
-12 -24 -24.5 -18.1865 -24.5 -22.228 -22.75 -21.2176
-6 -24 -17.5 -18.1865 -19.25 -21.2176 -17.5 -22.228
-5 -24 -17.5 -18.1865 -17.5 -22.228 -15.75 -21.2176
1 -24 -10.5 -18.1865 -12.25 -21.2176 -10.5 -22.228
2 -24 -10.5 -18.1865 -10.5 -22.228 -8.75 -21.2176
8 -24 -3.5 -18.1865 -5.25 -21.2176 -3.5 -22.228
9 -24 -3.5 -18.1865 -3.5 -22.228 -1.75 -21.2176
15 -24 3.5 -18.1865 1.75 -21.2176 3.5 -22.228
16 -24 3.5 -18.1865 3.5 -22.228 5.25 -21.2176
22 -24 10.5 -18.1865 8.75 -21.2176 10.5 -22.228
23 -24 10.5 -18.1865 10.5 -22.228 12.25 -21.2176
29 -24 17.5 -18.1865 15.75 -21.2176 17.5 -22.228
30 -24 17.5 -18.1865 17.5 -22.228 19.25 -21.2176
36 -24 24.5 -18.1865 22.75 -21.2176 24.5 -22.228
37 -24 24.5 -18.1865 24.5 -22.228 26.25 -21.2176
43 -24 31.5 -18.1865 29.75 -21.2176 31.5 -22.228
44 -24 31.5 -18.1865 31.5 -22.228 33.25 -21.2176
50 -24 38.5 -18.1865 36.75 -21.2176 38.5 -22.228
51 -24 38.5 -18.1865 38.5 -22.228 40.25 -21.2176
57 -24 45.5 -18.1865 43.75 -21.2176 45.5 -22.228
58 -24 45.5 -18.1865 45.5 -22.228 47.25 -21.2176
64 -24 52.5 -18.1865 50.75 -21.2176 52.5 -22.228
65 -24 52.5 -18.1865 52.5 -22.228 54.25 -21.2176
-67 -23 -80.5 -18.1865 -78.75 -21.2176 -77 -20.2073
-64 -23 -73.5 -18.1865 -77 -20.2073 -75.25 -21.2176
-60 -23 -73.5 -18.1865 -71.75 -21.2176 -70 -20.2073
-57 -23 -66.5 -18.1865 -70 -20.2073 -68.25 -21.2176
-53 -23 -66.5 -18.1865 -64.75 -21.2176 -63 -20.2073
-50 -23 -59.5 -18.1865 -63 -20.2073 -61.25 -21.2176
-46 -23 -59.5 -18.1865 -57.75 -21.2176 -56 -20.2073
-43 -23 -52.5 -18.1865 -56 -20.2073 -54.25 -21.2176
-39 -23 -52.5 -18.1865 -50.75 -21.2176 -49 -20.2073
-36 -23 -45.5 -18.1865 -49 -20.2073 -47.25 -21.2176
-32 -23 -45.5 -18.1865 -43.75 -21.2176 -42 -20.2073
-29 -23 -38.5 -18.1865 -42 -20.2073 -40.25 -21.2176
-25 -23 -38.5 -18.1865 -36.75 -21.2176 -35 -20.2073
-22 -23 -31.5 -18.1865 -35 -20.2073 -33.25 -21.2176
-18 -23 -31.5 -18.1865 -29.75 -21.2176 -28 -20.2073
-15 -23 -24.5 -18.1865 -28 -20.2073 -26.25 -21.2176
-11 -23 -24.5 -18.1865 -22.75 -21.2176 -21 -20.2073
-8 -23 -17.5 -18.1865 -21 -20.2073 -19.25 -21.2176
-4 -23 -17.5 -18.1865 -15.75 -21.2176 -14 -20.2073
-1 -23 -10.5 -18.1865 -14 -20.2073 -12.25 -21.2176
3 -23 -10.5 -18.1865 -8.75 -21.2176 -7 -20.2073
6 -23 -3.5 -18.1865 -7 -20.2073 -5.25 -21.2176
10 -23 -3.5 -18.1865 -1.75 -21.2176 0 -20.2073
13 -23 3.5 -18.1865 0 -20.2073 1.75 -21.2176
17 -23 3.5 -18.1865 5.25 -21.2176 7 -20.2073
20 -23 10.5 -18.1865 7 -20.2073 8.75 -21.2176
24 -23 10.5 -18.1865 12.25 -21.2176 14 -20.2073
27 -23 17.5 -18.1865 14 -20.2073 15.75 -21.2176
31 -23 17.5 -18.1865 19.25 -21.2176 21 -20.2073
34 -23 24.5 -18.1865 21 -20.2073 22.75 -21.2176
38 -23 24.5 -18.1865 26.25 -21.2176 28 -20.2073
41 -23 31.5 -18.1865 28 -20.2073 29.75 -21.2176
45 -23 31.5 -18.1865 33.25 -21.2176 35 -20.2073
48 -23 38.5 -18.1865 35 -20.2073 36.75 -21.2176
52 -23 38.5 -18.1865 40.25 -21.2176 42 -20.2073
55 -23 45.5 -18.1865 42 -20.2073 43.75 -21.2176
59 -23 45.5 -18.1865 47.25 -21.2176 49 -20.2073
62 -23 52.5 -18.1865 49 -20.2073 50.75 -21.2176
66 -23 52.5 -18.1865 54.25 -21.2176 56 -20.2073
69 -23 59.5 -18.1865 56 -20.2073 57.75 -21.2176
-67 -22 -80.5 -18.1865 -77 -20.2073 -77 -18.1865
-65 -22 -73.5 -18.1865 -77 -18.1865 -77 -20.2073
-60 -22 -73.5 -18.1865 -70 -20.2073 -70 -18.1865
-58 -22 -66.5 -18.1865 -70 -18.1865 -70 -20.2073
-53 -22 -66.5 -18.1865 -63 -20.2073 -63 -18.1865
-51 -22 -59.5 -18.1865 -63 -18.1865 -63 -20.2073
-46 -22 -59.5 -18.1865 -56 -20.2073 -56 -18.1865
-44 -22 -52.5 -18.1865 -56 -18.1865 -56 -20.2073
-39 -22 -52.5 -18.1865 -49 -20.2073 -49 -18.1865
-37 -22 -45.5 -18.1865 -49 -18.1865 -49 -20.2073
-32 -22 -45.5 -18.1865 -42 -20.2073 -42 -18.1865
-30 -22 -38.5 -18.1865 -42 -18.1865 -42 -20.2073
-25 -22 -38.5 -18.1865 -35 -20.2073 -35 -18.1865
-23 -22 -31.5 -18.1865 -35 -18.1865 -35 -20.2073
-18 -22 -31.5 -18.1865 -28 -20.2073 -28 -18.1865
-16 -22 -24.5 -18.1865 -28 -18.1865 -28 -20.2073
-11 -22 -24.5 -18.1865 -21 -20.2073 -21 -18.1865
-9 -22 -17.5 -18.1865 -21 -18.1865 -21 -20.2073
-4 -22 -17.5 -18.1865 -14 -20.2073 -14 -18.1865
-2 -22 -10.5 -18.1865 -14 -18.1865 -14 -20.2073
3 -22 -10.5 -18.1865 -7 -20.2073 -7 -18.1865
5 -22 -3.5 -18.1865 -7 -18.1865 -7 -20.2073
10 -22 -3.5 -18.1865 0 -20.2073 0 -18.1865
12 -22 3.5 -18.1865 0 -18.1865 0 -20.2073
17 -22 3.5 -18.1865 7 -20.2073 7 -18.1865
19 -22 10.5 -18.1865 7 -18.1865 7 -20.2073
24 -22 10.5 -18.1865 14 -20.2073 14 -18.1865
26 -22 17.5 -18.1865 14 -18.1865 14 -20.2073
31 -22 17.5 -18.1865 21 -20.2073 21 -18.1865
33 -22 24.5 -18.1865 21 -18.1865 21 -20.2073
38 -22 24.5 -18.1865 28 -20.2073 28 -18.1865
40 -22 31.5 -18.1865 28 -18.1865 28 -20.2073
45 -22 31.5 -18.1865 35 -20.2073 35 -18.1865
47 -22 38.5 -18.1865 35 -18.1865 35 -20.2073
52 -22 38.5 -18.1865 42 -20.2073 42 -18.1865
54 -22 45.5 -18.1865 42 -18.1865 42 -20.2073
59 -22 45.5 -18.1865 49 -20.2073 49 -18.1865
61 -22 52.5 -18.1865 49 -18.1865 49 -20.2073
66 -22 52.5 -18.1865 56 -20.2073 56 -18.1865
68 -22 59.5 -18.1865 56 -18.1865 56 -20.2073
-68 -20 -80.5 -18.1865 -77 -18.1865 -77 -16.1658
-66 -20 -73.5 -18.1865 -77 -16.1658 -77 -18.1865
-61 -20 -73.5 -18.1865 -70 -18.1865 -70 -16.1658
-59 -20 -66.5 -18.1865 -70 -16.1658 -70 -18.1865
-54 -20 -66.5 -18.1865 -63 -18.1865 -63 -16.1658
-52 -20 -59.5 -18.1865 -63 -16.1658 -63 -18.1865
-47 -20 -59.5 -18.1865 -56 -18.1865 -56 -16.1658
-45 -20 -52.5 -18.1865 -56 -16.1658 -56 -18.1865
-40 -20 -52.5 -18.1865 -49 -18.1865 -49 -16.1658
-38 -20 -45.5 -18.1865 -49 -16.1658 -49 -18.1865
-33 -20 -45.5 -18.1865 -42 -18.1865 -42 -16.1658
-31 -20 -38.5 -18.1865 -42 -16.1658 -42 -18.1865
-26 -20 -38.5 -18.1865 -35 -18.1865 -35 -16.1658
-24 -20 -31.5 -18.1865 -35 -16.1658 -35 -18.1865
-19 -20 -31.5 -18.1865 -28 -18.1865 -28 -16.1658
-17 -20 -24.5 -18.1865 -28 -16.1658 -28 -18.1865
-12 -20 -24.5 -18.1865 -21 -18.1865 -21 -16.1658
-10 -20 -17.5 -18.1865 -21 -16.1658 -21 -18.1865
-5 -20 -17.5 -18.1865 -14 -18.1865 -14 -16.1658
-3 -20 -10.5 -18.1865 -14 -16.1658 -14 -18.1865
2 -20 -10.5 -18.1865 -7 -18.1865 -7 -16.1658
4 -20 -3.5 -18.1865 -7 -16.1658 -7 -18.1865
9 -20 -3.5 -18.1865 0 -18.1865 0 -16.1658
11 -20 3.5 -18.1865 0 -16.1658 0 -18.1865
16 -20 3.5 -18.1865 7 -18.1865 7 -16.1658
18 -20 10.5 -18.1865 7 -16.1658 7 -18.1865
23 -20 10.5 -18.1865 14 -18.1865 14 -16.1658
25 -20 17.5 -18.1865 14 -16.1658 14 -18.1865
30 -20 17.5 -18.1865 21 -18.1865 21 -16.1658
32 -20 24.5 -18.1865 21 -16.1658 21 -18.1865
37 -20 24.5 -18.1865 28 -18.1865 28 -16.1658
39 -20 31.5 -18.1865 28 -16.1658 28 -18.1865
44 -20 31.5 -18.1865 35 -18.1865 35 -16.1658
46 -20 38.5 -18.1865 35 -16.1658 35 -18.1865
51 -20 38.5 -18.1865 42 -18.1865 42 -16.1658
53 -20 45.5 -18.1865 42 -16.1658 42 -18.1865
58 -20 45.5 -18.1865 49 -18.1865 49 -16.1658
60 -20 52.5 -18.1865 49 -16.1658 49 -18.1865
65 -20 52.5 -18.1865 56 -18.1865 56 -16.1658
67 -20 59.5 -18.1865 56 -16.1658 56 -18.1865
-69 -19 -77 -16.1658 -78.75 -15.1554 -80.5 -18.1865
-66 -19 -73.5 -18.1865 -75.25 -15.1554 -77 -16.1658
-62 -19 -70 -16.1658 -71.75 -15.1554 -73.5 -18.1865
-59 -19 -66.5 -18.1865 -68.25 -15.1554 -70 -16.1658
-55 -19 -63 -16.1658 -64.75 -15.1554 -66.5 -18.1865
-52 -19 -59.5 -18.1865 -61.25 -15.1554 -63 -16.1658
-48 -19 -56 -16.1658 -57.75 -15.1554 -59.5 -18.1865
-45 -19 -52.5 -18.1865 -54.25 -15.1554 -56 -16.1658
-41 -19 -49 -16.1658 -50.75 -15.1554 -52.5 -18.1865
-38 -19 -45.5 -18.1865 -47.25 -15.1554 -49 -16.1658
-34 -19 -42 -16.1658 -43.75 -15.1554 -45.5 -18.1865
-31 -19 -38.5 -18.1865 -40.25 -15.1554 -42 -16.1658
-27 -19 -35 -16.1658 -36.75 -15.1554 -38.5 -18.1865
-24 -19 -31.5 -18.1865 -33.25 -15.1554 -35 -16.1658
-20 -19 -28 -16.1658 -29.75 -15.1554 -31.5 -18.1865
-17 -19 -24.5 -18.1865 -26.25 -15.1554 -28 -16.1658
-13 -19 -21 -16.1658 -22.75 -15.1554 -24.5 -18.1865
-10 -19 -17.5 -18.1865 -19.25 -15.1554 -21 -16.1658
-6 -19 -14 -16.1658 -15.75 -15.1554 -17.5 -18.1865
-3 -19 -10.5 -18.1865 -12.25 -15.1554 -14 -16.1658
1 -19 -7 -16.1658 -8.75 -15.1554 -10.5 -18.1865
4 -19 -3.5 -18.1865 -5.25 -15.1554 -7 -16.1658
8 -19 0 -16.1658 -1.75 -15.1554 -3.5 -18.1865
11 -19 3.5 -18.1865 1.75 -15.1554 0 -16.1658
15 -19 7 -16.1658 5.25 -15.1554 3.5 -18.1865
18 -19 10.5 -18.1865 8.75 -15.1554 7 -16.1658
22 -19 14 -16.1658 12.25 -15.1554 10.5 -18.1865
25 -19 17.5 -18.1865 15.75 -15.1554 14 -16.1658
29 -19 21 -16.1658 19.25 -15.1554 17.5 -18.1865
32 -19 24.5 -18.1865 22.75 -15.1554 21 -16.1658
36 -19 28 -16.1658 26.25 -15.1554 24.5 -18.1865
39 -19 31.5 -18.1865 29.75 -15.1554 28 -16.1658
43 -19 35 -16.1658 33.25 -15.1554 31.5 -18.1865
46 -19 38.5 -18.1865 36.75 -15.1554 35 -16.1658
50 -19 42 -16.1658 40.25 -15.1554 38.5 -18.1865
53 -19 45.5 -18.1865 43.75 -15.1554 42 -16.1658
57 -19 49 -16.1658 47.25 -15.1554 45.5 -18.1865
60 -19 52.5 -18.1865 50.75 -15.1554 49 -16.1658
64 -19 56 -16.1658 54.25 -15.1554 52.5 -18.1865
67 -19 59.5 -18.1865 57.75 -15.1554 56 -16.1658
-65 -18 -73.5 -18.1865 -73.5 -14.1451 -75.25 -15.1554
-64 -18 -73.5 -18.1865 -71.75 -15.1554 -73.5 -14.1451
-58 -18 -66.5 -18.1865 -66.5 -14.1451 -68.25 -15.1554
-57 -18 -66.5 -18.1865 -64.75 -15.1554 -66.5 -14.1451
-51 -18 -59.5 -18.1865 -59.5 -14.1451 -61.25 -15.1554
-50 -18 -59.5 -18.1865 -57.75 -15.1554 -59.5 -14.1451
-44 -18 -52.5 -18.1865 -52.5 -14.1451 -54.25 -15.1554
-43 -18 -52.5 -18.1865 -50.75 -15.1554 -52.5 -14.1451
-37 -18 -45.5 -18.1865 -45.5 -14.1451 -47.25 -15.1554
-36 -18 -45.5 -18.1865 -43.75 -15.1554 -45.5 -14.1451
-30 -18 -38.5 -18.1865 -38.5 -14.1451 -40.25 -15.1554
-29 -18 -38.5 -18.1865 -36.75 -15.1554 -38.5 -14.1451
-23 -18 -31.5 -18.1865 -31.5 -14.1451 -33.25 -15.1554
-22 -18 -31.5 -18.1865 -29.75 -15.1554 -31.5 -14.1451
-16 -18 -24.5 -18.1865 -24.5 -14.1451 -26.25 -15.1554
-15 -18 -24.5 -18.1865 -22.75 -15.1554 -24.5 -14.1451
-9 -18 -17.5 -18.1865 -17.5 -14.1451 -19.25 -15.1554
-8 -18 -17.5 -18.1865 -15.75 -15.1554 -17.5 -14.1451
-2 -18 -10.5 -18.1865 -10.5 -14.1451 -12.25 -15.1554
-1 -18 -10.5 -18.1865 -8.75 -15.1554 -10.5 -14.1451
5 -18 -3.5 -18.1865 -3.5 -14.1451 -5.25 -15.1554
6 -18 -3.5 -18.1865 -1.75 -15.1554 -3.5 -14.1451
12 -18 3.5 -18.1865 3.5 -14.1451 1.75 -15.1554
13 -18 3.5 -18.1865 5.25 -15.1554 3.5 -14.1451
19 -18 10.5 -18.1865 10.5 -14.1451 8.75 -15.1554
20 -18 10.5 -18.1865 12.25 -15.1554 10.5 -14.1451
26 -18 17.5 -18.1865 17.5 -14.1451 15.75 -15.1554
27 -18 17.5 -18.1865 19.25 -15.1554 17.5 -14.1451
33 -18 24.5 -18.1865 24.5 -14.1451 22.75 -15.1554
34 -18 24.5 -18.1865 26.25 -15.1554 24.5 -14.1451
40 -18 31.5 -18.1865 31.5 -14.1451 29.75 -15.1554
41 -18 31.5 -18.1865 33.25 -15.1554 31.5 -14.1451
47 -18 38.5 -18.1865 38.5 -14.1451 36.75 -15.1554
48 -18 38.5 -18.1865 40.25 -15.1554 38.5 -14.1451
54 -18 45.5 -18.1865 45.5 -14.1451 43.75 -15.1554
55 -18 45.5 -18.1865 47.25 -15.1554 45.5 -14.1451
61 -18 52.5 -18.1865 52.5 -14.1451 50.75 -15.1554
62 -18 52.5 -18.1865 54.25 -15.1554 52.5 -14.1451
68 -18 59.5 -18.1865 59.5 -14.1451 57.75 -15.1554
69 -18 59.5 -18.1865 61.25 -15.1554 59.5 -14.1451
-69 -17 -77 -12.1244 -78.75 -15.1554 -77 -16.1658
-68 -17 -77 -12.1244 -77 -16.1658 -75.25 -15.1554
-62 -17 -70 -12.1244 -71.75 -15.1554 -70 -16.1658
-61 -17 -70 -12.1244 -70 -16.1658 -68.25 -15.1554
-55 -17 -63 -12.1244 -64.75 -15.1554 -63 -16.1658
-54 -17 -63 -12.1244 -63 -16.1658 -61.25 -15.1554
-48 -17 -56 -12.1244 -57.75 -15.1554 -56 -16.1658
-47 -17 -56 -12.1244 -56 -16.1658 -54.25 -15.1554
-41 -17 -49 -12.1244 -50.75 -15.1554 -49 -16.1658
-40 -17 -49 -12.1244 -49 -16.1658 -47.25 -15.1554
-34 -17 -42 -12.1244 -43.75 -15.1554 -42 -16.1658
-33 -17 -42 -12.1244 -42 -16.1658 -40.25 -15.1554
-27 -17 -35 -12.1244 -36.75 -15.1554 -35 -16.1658
-26 -17 -35 -12.1244 -35 -16.1658 -33.25 -15.1554
-20 -17 -28 -12.1244 -29.75 -15.1554 -28 -16.1658
-19 -17 -28 -12.1244 -28 -16.1658 -26.25 -15.1554
-13 -17 -21 -12.1244 -22.75 -15.1554 -21 -16.1658
-12 -17 -21 -12.1244 -21 -16.1658 -19.25 -15.1554
-6 -17 -14 -12.1244 -15.75 -15.1554 -14 -16.1658
-5 -17 -14 -12.1244 -14 -16.1658 -12.25 -15.1554
1 -17 -7 -12.1244 -8.75 -15.1554 -7 -16.1658
2 -17 -7 -12.1244 -7 -16.1658 -5.25 -15.1554
8 -17 0 -12.1244 -1.75 -15.1554 0 -16.1658
9 -17 0 -12.1244 0 -16.1658 1.75 -15.1554
15 -17 7 -12.1244 5.25 -15.1554 7 -16.1658
16 -17 7 -12.1244 7 -16.1658 8.75 -15.1554
22 -17 14 -12.1244 12.25 -15.1554 14 -16.1658
23 -17 14 -12.1244 14 -16.1658 15.75 -15.1554
29 -17 21 -12.1244 19.25 -15.1554 21 -16.1658
30 -17 21 -12.1244 21 -16.1658 22.75 -15.1554
36 -17 28 -12.1244 26.25 -15.1554 28 -16.1658
37 -17 28 -12.1244 28 -16.1658 29.75 -15.1554
43 -17 35 -12.1244 33.25 -15.1554 35 -16.1658
44 -17 35 -12.1244 35 -16.1658 36.75 -15.1554
50 -17 42 -12.1244 40.25 -15.1554 42 -16.1658
51 -17 42 -12.1244 42 -16.1658 43.75 -15.1554
57 -17 49 -12.1244 47.25 -15.1554 49 -16.1658
58 -17 49 -12.1244 49 -16.1658 50.75 -15.1554
64 -17 56 -12.1244 54.25 -15.1554 56 -16.1658
65 -17 56 -12.1244 56 -16.1658 57.75 -15.1554
-67 -16 -77 -12.1244 -75.25 -15.1554 -73.5 -14.1451
-64 -16 -70 -12.1244 -73.5 -14.1451 -71.75 -15.1554
-60 -16 -70 -12.1244 -68.25 -15.1554 -66.5 -14.1451
-57 -16 -63 -12.1244 -66.5 -14.1451 -64.75 -15.1554
-53 -16 -63 -12.1244 -61.25 -15.1554 -59.5 -14.1451
-50 -16 -56 -12.1244 -59.5 -14.1451 -57.75 -15.1554
-46 -16 -56 -12.1244 -54.25 -15.1554 -52.5 -14.1451
-43 -16 -49 -12.1244 -52.5 -14.1451 -50.75 -15.1554
-39 -16 -49 -12.1244 -47.25 -15.1554 -45.5 -14.1451
-36 -16 -42 -12.1244 -45.5 -14.1451 -43.75 -15.1554
-32 -16 -42 -12.1244 -40.25 -15.1554 -38.5 -14.1451
-29 -16 -35 -12.1244 -38.5 -14.1451 -36.75 -15.1554
-25 -16 -35 -12.1244 -33.25 -15.1554 -31.5 -14.1451
-22 -16 -28 -12.1244 -31.5 -14.1451 -29.75 -15.1554
-18 -16 -28 -12.1244 -26.25 -15.1554 -24.5 -14.1451
-15 -16 -21 -12.1244 -24.5 -14.1451 -22.75 -15.1554
-11 -16 -21 -12.1244 -19.25 -15.1554 -17.5 -14.1451
-8 -16 -14 -12.1244 -17.5 -14.1451 -15.75 -15.1554
-4 -16 -14 -12.1244 -12.25 -15.1554 -10.5 -14.1451
-1 -16 -7 -12.1244 -10.5 -14.1451 -8.75 -15.1554
3 -16 -7 -12.1244 -5.25 -15.1554 -3.5 -14.1451
6 -16 0 -12.1244 -3.5 -14.1451 -1.75 -15.1554
10 -16 0 -12.1244 1.75 -15.1554 3.5 -14.1451
13 -16 7 -12.1244 3.5 -14.1451 5.25 -15.1554
17 -16 7 -12.1244 8.75 -15.1554 10.5 -14.1451
20 -16 14 -12.1244 10.5 -14.1451 12.25 -15.1554
24 -16 14 -12.1244 15.75 -15.1554 17.5 -14.1451
27 -16 21 -12.1244 17.5 -14.1451 19.25 -15.1554
31 -16 21 -12.1244 22.75 -15.1554 24.5 -14.1451
34 -16 28 -12.1244 24.5 -14.1451 26.25 -15.1554
38 -16 28 -12.1244 29.75 -15.1554 31.5 -14.1451
41 -16 35 -12.1244 31.5 -14.1451 33.25 -15.1554
45 -16 35 -12.1244 36.75 -15.1554 38.5 -14.1451
48 -16 42 -12.1244 38.5 -14.1451 40.25 -15.1554
52 -16 42 -12.1244 43.75 -15.1554 45.5 -14.1451
55 -16 49 -12.1244 45.5 -14.1451 47.25 -15.1554
59 -16 49 -12.1244 50.75 -15.1554 52.5 -14.1451
62 -16 56 -12.1244 52.5 -14.1451 54.25 -15.1554
66 -16 56 -12.1244 57.75 -15.1554 59.5 -14.1451
69 -16 63 -12.1244 59.5 -14.1451 61.25 -15.1554
-67 -15 -77 -12.1244 -73.5 -14.1451 -73.5 -12.1244
-65 -15 -70 -12.1244 -73.5 -12.1244 -73.5 -14.1451
-60 -15 -70 -12.1244 -66.5 -14.1451 -66.5 -12.1244
-58 -15 -63 -12.1244 -66.5 -12.1244 -66.5 -14.1451
-53 -15 -63 -12.1244 -59.5 -14.1451 -59.5 -12.1244
-51 -15 -56 -12.1244 -59.5 -12.1244 -59.5 -14.1451
-46 -15 -56 -12.1244 -52.5 -14.1451 -52.5 -12.1244
-44 -15 -49 -12.1244 -52.5 -12.1244 -52.5 -14.1451
-39 -15 -49 -12.1244 -45.5 -14.1451 -45.5 -12.1244
-37 -15 -42 -12.1244 -45.5 -12.1244 -45.5 -14.1451
-32 -15 -42 -12.1244 -38.5 -14.1451 -38.5 -12.1244
-30 -15 -35 -12.1244 -38.5 -12.1244 -38.5 -14.1451
-25 -15 -35 -12.1244 -31.5 -14.1451 -31.5 -12.1244
-23 -15 -28 -12.1244 -31.5 -12.1244 -31.5 -14.1451
-18 -15 -28 -12.1244 -24.5 -14.1451 -24.5 -12.1244
-16 -15 -21 -12.1244 -24.5 -12.1244 -24.5 -14.1451
-11 -15 -21 -12.1244 -17.5 -14.1451 -17.5 -12.1244
-9 -15 -14 -12.1244 -17.5 -12.1244 -17.5 -14.1451
-4 -15 -14 -12.1244 -10.5 -14.1451 -10.5 -12.1244
-2 -15 -7 -12.1244 -10.5 -12.1244 -10.5 -14.1451
3 -15 -7 -12.1244 -3.5 -14.1451 -3.5 -12.1244
5 -15 0 -12.1244 -3.5 -12.1244 -3.5 -14.1451
10 -15 0 -12.1244 3.5 -14.1451 3.5 -12.1244
12 -15 7 -12.1244 3.5 -12.1244 3.5 -14.1451
17 -15 7 -12.1244 10.5 -14.1451 10.5 -12.1244
19 -15 14 -12.1244 10.5 -12.1244 10.5 -14.1451
24 -15 14 -12.1244 17.5 -14.1451 17.5 -12.1244
26 -15 21 -12.1244 17.5 -12.1244 17.5 -14.1451
31 -15 21 -12.1244 24.5 -14.1451 24.5 -12.1244
33 -15 28 -12.1244 24.5 -12.1244 24.5 -14.1451
38 -15 28 -12.1244 31.5 -14.1451 31.5 -12.1244
40 -15 35 -12.1244 31.5 -12.1244 31.5 -14.1451
45 -15 35 -12.1244 38.5 -14.1451 38.5 -12.1244
47 -15 42 -12.1244 38.5 -12.1244 38.5 -14.1451
52 -15 42 -12.1244 45.5 -14.1451 45.5 -12.1244
54 -15 49 -12.1244 45.5 -12.1244 45.5 -14.1451
59 -15 49 -12.1244 52.5 -14.1451 52.5 -12.1244
61 -15 56 -12.1244 52.5 -12.1244 52.5 -14.1451
66 -15 56 -12.1244 59.5 -14.1451 59.5 -12.1244
68 -15 63 -12.1244 59.5 -12.1244 59.5 -14.1451
-68 -13 -77 -12.1244 -73.5 -12.1244 -73.5 -10.1036
-66 -13 -70 -12.1244 -73.5 -10.1036 -73.5 -12.1244
-61 -13 -70 -12.1244 -66.5 -12.1244 -66.5 -10.1036
-59 -13 -63 -12.1244 -66.5 -10.1036 -66.5 -12.1244
-54 -13 -63 -12.1244 -59.5 -12.1244 -59.5 -10.1036
-52 -13 -56 -12.1244 -59.5 -10.1036 -59.5 -12.1244
-47 -13 -56 -12.1244 -52.5 -12.1244 -52.5 -10.1036
-45 -13 -49 -12.1244 -52.5 -10.1036 -52.5 -12.1244
-40 -13 -49 -12.1244 -45.5 -12.1244 -45.5 -10.1036
-38 -13 -42 -12.1244 -45.5 -10.1036 -45.5 -12.1244
-33 -13 -42 -12.1244 -38.5 -12.1244 -38.5 -10.1036
-31 -13 -35 -12.1244 -38.5 -10.1036 -38.5 -12.1244
-26 -13 -35 -12.1244 -31.5 -12.1244 -31.5 -10.1036
-24 -13 -28 -12.1244 -31.5 -10.1036 -31.5 -12.1244
-19 -13 -28 -12.1244 -24.5 -12.1244 -24.5 -10.1036
-17 -13 -21 -12.1244 -24.5 -10.1036 -24.5 -12.1244
-12 -13 -21 -12.1244 -17.5 -12.1244 -17.5 -10.1036
-10 -13 -14 -12.1244 -17.5 -10.1036 -17.5 -12.1244
-5 -13 -14 -12.1244 -10.5 -12.1244 -10.5 -10.1036
-3 -13 -7 -12.1244 -10.5 -10.1036 -10.5 -12.1244
2 -13 -7 -12.1244 -3.5 -12.1244 -3.5 -10.1036
4 -13 0 -12.1244 -3.5 -10.1036 -3.5 -12.1244
9 -13 0 -12.1244 3.5 -12.1244 3.5 -10.1036
11 -13 7 -12.1244 3.5 -10.1036 3.5 -12.1244
16 -13 7 -12.1244 10.5 -12.1244 10.5 -10.1036
18 -13 14 -12.1244 10.5 -10.1036 10.5 -12.1244
23 -13 14 -12.1244 17.5 -12.1244 17.5 -10.1036
25 -13 21 -12.1244 17.5 -10.1036 17.5 -12.1244
30 -13 21 -12.1244 24.5 -12.1244 24.5 -10.1036
32 -13 28 -12.1244 24.5 -10.1036 24.5 -12.1244
37 -13 28 -12.1244 31.5 -12.1244 31.5 -10.1036
39 -13 35 -12.1244 31.5 -10.1036 31.5 -12.1244
44 -13 35 -12.1244 38.5 -12.1244 38.5 -10.1036
46 -13 42 -12.1244 38.5 -10.1036 38.5 -12.1244
51 -13 42 -12.1244 45.5 -12.1244 45.5 -10.1036
53 -13 49 -12.1244 45.5 -10.1036 45.5 -12.1244
58 -13 49 -12.1244 52.5 -12.1244 52.5 -10.1036
60 -13 56 -12.1244 52.5 -10.1036 52.5 -12.1244
65 -13 56 -12.1244 59.5 -12.1244 59.5 -10.1036
67 -13 63 -12.1244 59.5 -10.1036 59.5 -12.1244
-69 -12 -73.5 -10.1036 -75.25 -9.09327 -77 -12.1244
-66 -12 -70 -12.1244 -71.75 -9.09327 -73.5 -10.1036
-62 -12 -66.5 -10.1036 -68.25 -9.09327 -70 -12.1244
-59 -12 -63 -12.1244 -64.75 -9.09327 -66.5 -10.1036
-55 -12 -59.5 -10.1036 -61.25 -9.09327 -63 -12.1244
-52 -12 -56 -12.1244 -57.75 -9.09327 -59.5 -10.1036
-48 -12 -52.5 -10.1036 -54.25 -9.09327 -56 -12.1244
-45 -12 -49 -12.1244 -50.75 -9.09327 -52.5 -10.1036
-41 -12 -45.5 -10.1036 -47.25 -9.09327 -49 -12.1244
-38 -12 -42 -12.1244 -43.75 -9.09327 -45.5 -10.1036
-34 -12 -38.5 -10.1036 -40.25 -9.09327 -42 -12.1244
-31 -12 -35 -12.1244 -36.75 -9.09327 -38.5 -10.1036
-27 -12 -31.5 -10.1036 -33.25 -9.09327 -35 -12.1244
-24 -12 -28 -12.1244 -29.75 -9.09327 -31.5 -10.1036
-20 -12 -24.5 -10.1036 -26.25 -9.09327 -28 -12.1244
-17 -12 -21 -12.1244 -22.75 -9.09327 -24.5 -10.1036
-13 -12 -17.5 -10.1036 -19.25 -9.09327 -21 -12.1244
-10 -12 -14 -12.1244 -15.75 -9.09327 -17.5 -10.1036
-6 -12 -10.5 -10.1036 -12.25 -9.09327 -14 -12.1244
-3 -12 -7 -12.1244 -8.75 -9.09327 -10.5 -10.1036
1 -12 -3.5 -10.1036 -5.25 -9.09327 -7 -12.1244
4 -12 0 -12.1244 -1.75 -9.09327 -3.5 -10.1036
8 -12 3.5 -10.1036 1.75 -9.09327 0 -12.1244
11 -12 7 -12.1244 5.25 -9.09327 3.5 -10.1036
15 -12 10.5 -10.1036 8.75 -9.09327 7 -12.1244
18 -12 14 -12.1244 12.25 -9.09327 10.5 -10.1036
22 -12 17.5 -10.1036 15.75 -9.09327 14 -12.1244
25 -12 21 -12.1244 19.25 -9.09327 17.5 -10.1036
29 -12 24.5 -10.1036 22.75 -9.09327 21 -12.1244
32 -12 28 -12.1244 26.25 -9.09327 24.5 -10.1036
36 -12 31.5 -10.1036 29.75 -9.09327 28 -12.1244
39 -12 35 -12.1244 33.25 -9.09327 31.5 -10.1036
43 -12 38.5 -10.1036 36.75 -9.09327 35 -12.1244
46 -12 42 -12.1244 40.25 -9.09327 38.5 -10.1036
50 -12 45.5 -10.1036 43.75 -9.09327 42 -12.1244
53 -12 49 -12.1244 47.25 -9.09327 45.5 -10.1036
57 -12 52.5 -10.1036 50.75 -9.09327 49 -12.1244
60 -12 56 -12.1244 54.25 -9.09327 52.5 -10.1036
64 -12 59.5 -10.1036 57.75 -9.09327 56 -12.1244
67 -12 63 -12.1244 61.25 -9.09327 59.5 -10.1036
-65 -11 -70 -12.1244 -70 -8.0829 -71.75 -9.09327
-64 -11 -70 -12.1244 -68.25 -9.09327 -70 -8.0829
-58 -11 -63 -12.1244 -63 -8.0829 -64.75 -9.09327
-57 -11 -63 -12.1244 -61.25 -9.09327 -63 -8.0829
-51 -11 -56 -12.1244 -56 -8.0829 -57.75 -9.09327
-50 -11 -56 -12.1244 -54.25 -9.09327 -56 -8.0829
-44 -11 -49 -12.1244 -49 -8.0829 -50.75 -9.09327
-43 -11 -49 -12.1244 -47.25 -9.09327 -49 -8.0829
-37 -11 -42 -12.1244 -42 -8.0829 -43.75 -9.09327
-36 -11 -42 -12.1244 -40.25 -9.09327 -42 -8.0829
-30 -11 -35 -12.1244 -35 -8.0829 -36.75 -9.09327
-29 -11 -35 -12.1244 -33.25 -9.09327 -35 -8.0829
-23 -11 -28 -12.1244 -28 -8.0829 -29.75 -9.09327
-22 -11 -28 -12.1244 -26.25 -9.09327 -28 -8.0829
-16 -11 -21 -12.1244 -21 -8.0829 -22.75 -9.09327
-15 -11 -21 -12.1244 -19.25 -9.09327 -21 -8.0829
-9 -11 -14 -12.1244 -14 -8.0829 -15.75 -9.09327
-8 -11 -14 -12.1244 -12.25 -9.09327 -14 -8.0829
-2 -11 -7 -12.1244 -7 -8.0829 -8.75 -9.09327
-1 -11 -7 -12.1244 -5.25 -9.09327 -7 -8.0829
5 -11 0 -12.1244 0 -8.0829 -1.75 -9.09327
6 -11 0 -12.1244 1.75 -9.09327 0 -8.0829
12 -11 7 -12.1244 7 -8.0829 5.25 -9.09327
13 -11 7 -12.1244 8.75 -9.09327 7 -8.0829
19 -11 14 -12.1244 14 -8.0829 12.25 -9.09327
20 -11 14 -12.1244 15.75 -9.09327 14 -8.0829
26 -11 21 -12.1244 21 -8.0829 19.25 -9.09327
27 -11 21 -12.1244 22.75 -9.09327 21 -8.0829
33 -11 28 -12.1244 28 -8.0829 26.25 -9.09327
34 -11 28 -12.1244 29.75 -9.09327 28 -8.0829
40 -11 35 -12.1244 35 -8.0829 33.25 -9.09327
41 -11 35 -12.1244 36.75 -9.09327 35 -8.0829
47 -11 42 -12.1244 42 -8.0829 40.25 -9.09327
48 -11 42 -12.1244 43.75 -9.09327 42 -8.0829
54 -11 49 -12.1244 49 -8.0829 47.25 -9.09327
55 -11 49 -12.1244 50.75 -9.09327 49 -8.0829
61 -11 56 -12.1244 56 -8.0829 54.25 -9.09327
62 -11 56 -12.1244 57.75 -9.09327 56 -8.0829
68 -11 63 -12.1244 63 -8.0829 61.25 -9.09327
69 -11 63 -12.1244 64.75 -9.09327 63 -8.0829
-69 -10 -73.5 -6.06218 -75.25 -9.09327 -73.5 -10.1036
-68 -10 -73.5 -6.06218 -73.5 -10.1036 -71.75 -9.09327
-62 -10 -66.5 -6.06218 -68.25 -9.09327 -66.5 -10.1036
-61 -10 -66.5 -6.06218 -66.5 -10.1036 -64.75 -9.09327
-55 -10 -59.5 -6.06218 -61.25 -9.09327 -59.5 -10.1036
-54 -10 -59.5 -6.06218 -59.5 -10.1036 -57.75 -9.09327
-48 -10 -52.5 -6.06218 -54.25 -9.09327 -52.5 -10.1036
-47 -10 -52.5 -6.06218 -52.5 -10.1036 -50.75 -9.09327
-41 -10 -45.5 -6.06218 -47.25 -9.09327 -45.5 -10.1036
-40 -10 -45.5 -6.06218 -45.5 -10.1036 -43.75 -9.09327
-34 -10 -38.5 -6.06218 -40.25 -9.09327 -38.5 -10.1036
-33 -10 -38.5 -6.06218 -38.5 -10.1036 -36.75 -9.09327
-27 -10 -31.5 -6.06218 -33.25 -9.09327 -31.5 -10.1036
-26 -10 -31.5 -6.06218 -31.5 -10.1036 -29.75 -9.09327
-20 -10 -24.5 -6.06218 -26.25 -9.09327 -24.5 -10.1036
-19 -10 -24.5 -6.06218 -24.5 -10.1036 -22.75 -9.09327
-13 -10 -17.5 -6.06218 -19.25 -9.09327 -17.5 -10.1036
-12 -10 -17.5 -6.06218 -17.5 -10.1036 -15.75 -9.09327
-6 -10 -10.5 -6.06218 -12.25 -9.09327 -10.5 -10.1036
-5 -10 -10.5 -6.06218 -10.5 -10.1036 -8.75 -9.09327
1 -10 -3.5 -6.06218 -5.25 -9.09327 -3.5 -10.1036
2 -10 -3.5 -6.06218 -3.5 -10.1036 -1.75 -9.09327
8 -10 3.5 -6.06218 1.75 -9.09327 3.5 -10.1036
9 -10 3.5 -6.06218 3.5 -10.1036 5.25 -9.09327
15 -10 10.5 -6.06218 8.75 -9.09327 10.5 -10.1036
16 -10 10.5 -6.06218 10.5 -10.1036 12.25 -9.09327
22 -10 17.5 -6.06218 15.75 -9.09327 17.5 -10.1036
23 -10 17.5 -6.06218 17.5 -10.1036 19.25 -9.09327
29 -10 24.5 -6.06218 22.75 -9.09327 24.5 -10.1036
30 -10 24.5 -6.06218 24.5 -10.1036 26.25 -9.09327
36 -10 31.5 -6.06218 29.75 -9.09327 31.5 -10.1036
37 -10 31.5 -6.06218 31.5 -10.1036 33.25 -9.09327
43 -10 38.5 -6.06218 36.75 -9.09327 38.5 -10.1036
44 -10 38.5 -6.06218 38.5 -10.1036 40.25 -9.09327
50 -10 45.5 -6.06218 43.75 -9.09327 45.5 -10.1036
51 -10 45.5 -6.06218 45.5 -10.1036 47.25 -9.09327
57 -10 52.5 -6.06218 50.75 -9.09327 52.5 -10.1036
58 -10 52.5 -6.06218 52.5 -10.1036 54.25 -9.09327
64 -10 59.5 -6.06218 57.75 -9.09327 59.5 -10.1036
65 -10 59.5 -6.06218 59.5 -10.1036 61.25 -9.09327
-67 -9 -73.5 -6.06218 -71.75 -9.09327 -70 -8.0829
-64 -9 -66.5 -6.06218 -70 -8.0829 -68.25 -9.09327
-60 -9 -66.5 -6.06218 -64.75 -9.09327 -63 -8.0829
-57 -9 -59.5 -6.06218 -63 -8.0829 -61.25 -9.09327
-53 -9 -59.5 -6.06218 -57.75 -9.09327 -56 -8.0829
-50 -9 -52.5 -6.06218 -56 -8.0829 -54.25 -9.09327
-46 -9 -52.5 -6.06218 -50.75 -9.09327 -49 -8.0829
-43 -9 -45.5 -6.06218 -49 -8.0829 -47.25 -9.09327
-39 -9 -45.5 -6.06218 -43.75 -9.09327 -42 -8.0829
-36 -9 -38.5 -6.06218 -42 -8.0829 -40.25 -9.09327
-32 -9 -38.5 -6.06218 -36.75 -9.09327 -35 -8.0829
-29 -9 -31.5 -6.06218 -35 -8.0829 -33.25 -9.09327
-25 -9 -31.5 -6.06218 -29.75 -9.09327 -28 -8.0829
-22 -9 -24.5 -6.06218 -28 -8.0829 -26.25 -9.09327
-18 -9 -24.5 -6.06218 -22.75 -9.09327 -21 -8.0829
-15 -9 -17.5 -6.06218 -21 -8.0829 -19.25 -9.09327
-11 -9 -17.5 -6.06218 -15.75 -9.09327 -14 -8.0829
-8 -9 -10.5 -6.06218 -14 -8.0829 -12.25 -9.09327
-4 -9 -10.5 -6.06218 -8.75 -9.09327 -7 -8.0829
-1 -9 -3.5 -6.06218 -7 -8.0829 -5.25 -9.09327
3 -9 -3.5 -6.06218 -1.75 -9.09327 0 -8.0829
6 -9 3.5 -6.06218 0 -8.0829 1.75 -9.09327
10 -9 3.5 -6.06218 5.25 -9.09327 7 -8.0829
13 -9 10.5 -6.06218 7 -8.0829 8.75 -9.09327
17 -9 10.5 -6.06218 12.25 -9.09327 14 -8.0829
20 -9 17.5 -6.06218 14 -8.0829 15.75 -9.09327
24 -9 17.5 -6.06218 19.25 -9.09327 21 -8.0829
27 -9 24.5 -6.06218 21 -8.0829 22.75 -9.09327
31 -9 24.5 -6.06218 26.25 -9.09327 28 -8.0829
34 -9 31.5 -6.06218 28 -8.0829 29.75 -9.09327
38 -9 31.5 -6.06218 33.25 -9.09327 35 -8.0829
41 -9 38.5 -6.06218 35 -8.0829 36.75 -9.09327
45 -9 38.5 -6.06218 40.25 -9.09327 42 -8.0829
48 -9 45.5 -6.06218 42 -8.0829 43.75 -9.09327
52 -9 45.5 -6.06218 47.25 -9.09327 49 -8.0829
55 -9 52.5 -6.06218 49 -8.0829 50.75 -9.09327
59 -9 52.5 -6.06218 54.25 -9.09327 56 -8.0829
62 -9 59.5 -6.06218 56 -8.0829 57.75 -9.09327
66 -9 59.5 -6.06218 61.25 -9.09327 63 -8.0829
69 -9 66.5 -6.06218 63 -8.0829 64.75 -9.09327
-67 -8 -73.5 -6.06218 -70 -8.0829 -70 -6.06218
-65 -8 -66.5 -6.06218 -70 -6.06218 -70 -8.0829
-60 -8 -66.5 -6.06218 -63 -8.0829 -63 -6.06218
-58 -8 -59.5 -6.06218 -63 -6.06218 -63 -8.0829
-53 -8 -59.5 -6.06218 -56 -8.0829 -56 -6.06218
-51 -8 -52.5 -6.06218 -56 -6.06218 -56 -8.0829
-46 -8 -52.5 -6.06218 -49 -8.0829 -49 -6.06218
-44 -8 -45.5 -6.06218 -49 -6.06218 -49 -8.0829
-39 -8 -45.5 -6.06218 -42 -8.0829 -42 -6.06218
-37 -8 -38.5 -6.06218 -42 -6.06218 -42 -8.0829
-32 -8 -38.5 -6.06218 -35 -8.0829 -35 -6.06218
-30 -8 -31.5 -6.06218 -35 -6.06218 -35 -8.0829
-25 -8 -31.5 -6.06218 -28 -8.0829 -28 -6.06218
-23 -8 -24.5 -6.06218 -28 -6.06218 -28 -8.0829
-18 -8 -24.5 -6.06218 -21 -8.0829 -21 -6.06218
-16 -8 -17.5 -6.06218 -21 -6.06218 -21 -8.0829
-11 -8 -17.5 -6.06218 -14 -8.0829 -14 -6.06218
-9 -8 -10.5 -6.06218 -14 -6.06218 -14 -8.0829
-4 -8 -10.5 -6.06218 -7 -8.0829 -7 -6.06218
-2 -8 -3.5 -6.06218 -7 -6.06218 -7 -8.0829
3 -8 -3.5 -6.06218 0 -8.0829 0 -6.06218
5 -8 3.5 -6.06218 0 -6.06218 0 -8.0829
10 -8 3.5 -6.06218 7 -8.0829 7 -6.06218
12 -8 10.5 -6.06218 7 -6.06218 7 -8.0829
17 -8 10.5 -6.06218 14 -8.0829 14 -6.06218
19 -8 17.5 -6.06218 14 -6.06218 14 -8.0829
24 -8 17.5 -6.06218 21 -8.0829 21 -6.06218
26 -8 24.5 -6.06218 21 -6.06218 21 -8.0829
31 -8 24.5 -6.06218 28 -8.0829 28 -6.06218
33 -8 31.5 -6.06218 28 -6.06218 28 -8.0829
38 -8 31.5 -6.06218 35 -8.0829 35 -6.06218
40 -8 38.5 -6.06218 35 -6.06218 35 -8.0829
45 -8 38.5 -6.06218 42 -8.0829 42 -6.06218
47 -8 45.5 -6.06218 42 -6.06218 42 -8.0829
52 -8 45.5 -6.06218 49 -8.0829 49 -6.06218
54 -8 52.5 -6.06218 49 -6.06218 49 -8.0829
59 -8 52.5 -6.06218 56 -8.0829 56 -6.06218
61 -8 59.5 -6.06218 56 -6.06218 56 -8.0829
66 -8 59.5 -6.06218 63 -8.0829 63 -6.06218
68 -8 66.5 -6.06218 63 -6.06218 63 -8.0829
-68 -6 -73.5 -6.06218 -70 -6.06218 -70 -4.04145
-66 -6 -66.5 -6.06218 -70 -4.04145 -70 -6.06218
-61 -6 -66.5 -6.06218 -63 -6.06218 -63 -4.04145
-59 -6 -59.5 -6.06218 -63 -4.04145 -63 -6.06218
-54 -6 -59.5 -6.06218 -56 -6.06218 -56 -4.04145
-52 -6 -52.5 -6.06218 -56 -4.04145 -56 -6.06218
-47 -6 -52.5 -6.06218 -49 -6.06218 -49 -4.04145
-45 -6 -45.5 -6.06218 -49 -4.04145 -49 -6.06218
-40 -6 -45.5 -6.06218 -42 -6.06218 -42 -4.04145
-38 -6 -38.5 -6.06218 -42 -4.04145 -42 -6.06218
-33 -6 -38.5 -6.06218 -35 -6.06218 -35 -4.04145
-31 -6 -31.5 -6.06218 -35 -4.04145 -35 -6.06218
-26 -6 -31.5 -6.06218 -28 -6.06218 -28 -4.04145
-24 -6 -24.5 -6.06218 -28 -4.04145 -28 -6.06218
-19 -6 -24.5 -6.06218 -21 -6.06218 -21 -4.04145
-17 -6 -17.5 -6.06218 -21 -4.04145 -21 -6.06218
-12 -6 -17.5 -6.06218 -14 -6.06218 -14 -4.04145
-10 -6 -10.5 -6.06218 -14 -4.04145 -14 -6.06218
-5 -6 -10.5 -6.06218 -7 -6.06218 -7 -4.04145
-3 -6 -3.5 -6.06218 -7 -4.04145 -7 -6.06218
2 -6 -3.5 -6.06218 0 -6.06218 0 -4.04145
4 -6 3.5 -6.06218 0 -4.04145 0 -6.06218
9 -6 3.5 -6.06218 7 -6.06218 7 -4.04145
11 -6 10.5 -6.06218 7 -4.04145 7 -6.06218
16 -6 10.5 -6.06218 14 -6.06218 14 -4.04145
18 -6 17.5 -6.06218 14 -4.04145 14 -6.06218
23 -6 17.5 -6.06218 21 -6.06218 21 -4.04145
25 -6 24.5 -6.06218 21 -4.04145 21 -6.06218
30 -6 24.5 -6.06218 28 -6.06218 28 -4.04145
32 -6 31.5 -6.06218 28 -4.04145 28 -6.06218
37 -6 31.5 -6.06218 35 -6.06218 35 -4.04145
39 -6 38.5 -6.06218 35 -4.04145 35 -6.06218
44 -6 38.5 -6.06218 42 -6.06218 42 -4.04145
46 -6 45.5 -6.06218 42 -4.04145 42 -6.06218
51 -6 45.5 -6.06218 49 -6.06218 49 -4.04145
53 -6 52.5 -6.06218 49 -4.04145 49 -6.06218
58 -6 52.5 -6.06218 56 -6.06218 56 -4.04145
60 -6 59.5 -6.06218 56 -4.04145 56 -6.06218
65 -6 59.5 -6.06218 63 -6.06218 63 -4.04145
67 -6 66.5 -6.06218 63 -4.04145 63 -6.06218
-69 -5 -70 -4.04145 -71.75 -3.03109 -73.5 -6.06218
-66 -5 -66.5 -6.06218 -68.25 -3.03109 -70 -4.04145
-62 -5 -63 -4.04145 -64.75 -3.03109 -66.5 -6.06218
-59 -5 -59.5 -6.06218 -61.25 -3.03109 -63 -4.04145
-55 -5 -56 -4.04145 -57.75 -3.03109 -59.5 -6.06218
-52 -5 -52.5 -6.06218 -54.25 -3.03109 -56 -4.04145
-48 -5 -49 -4.04145 -50.75 -3.03109 -52.5 -6.06218
-45 -5 -45.5 -6.06218 -47.25 -3.03109 -49 -4.04145
-41 -5 -42 -4.04145 -43.75 -3.03109 -45.5 -6.06218
-38 -5 -38.5 -6.06218 -40.25 -3.03109 -42 -4.04145
-34 -5 -35 -4.04145 -36.75 -3.03109 -38.5 -6.06218
-31 -5 -31.5 -6.06218 -33.25 -3.03109 -35 -4.04145
-27 -5 -28 -4.04145 -29.75 -3.03109 -31.5 -6.06218
-24 -5 -24.5 -6.06218 -26.25 -3.03109 -28 -4.04145
-20 -5 -21 -4.04145 -22.75 -3.03109 -24.5 -6.06218
-17 -5 -17.5 -6.06218 -19.25 -3.03109 -21 -4.04145
-13 -5 -14 -4.04145 -15.75 -3.03109 -17.5 -6.06218
-10 -5 -10.5 -6.06218 -12.25 -3.03109 -14 -4.04145
-6 -5 -7 -4.04145 -8.75 -3.03109 -10.5 -6.06218
-3 -5 -3.5 -6.06218 -5.25 -3.03109 -7 -4.04145
1 -5 0 -4.04145 -1.75 -3.03109 -3.5 -6.06218
4 -5 3.5 -6.06218 1.75 -3.03109 0 -4.04145
8 -5 7 -4.04145 5.25 -3.03109 3.5 -6.06218
11 -5 10.5 -6.06218 8.75 -3.03109 7 -4.04145
15 -5 14 -4.04145 12.25 -3.03109 10.5 -6.06218
18 -5 17.5 -6.06218 15.75 -3.03109 14 -4.04145
22 -5 21 -4.04145 19.25 -3.03109 17.5 -6.06218
25 -5 24.5 -6.06218 22.75 -3.03109 21 -4.04145
29 -5 28 -4.04145 26.25 -3.03109 24.5 -6.06218
32 -5 31.5 -6.06218 29.75 -3.03109 28 -4.04145
36 -5 35 -4.04145 33.25 -3.03109 31.5 -6.06218
39 -5 38.5 -6.06218 36.75 -3.03109 35 -4.04145
43 -5 42 -4.04145 40.25 -3.03109 38.5 -6.06218
46 -5 45.5 -6.06218 43.75 -3.03109 42 -4.04145
50 -5 49 -4.04145 47.25 -3.03109 45.5 -6.06218
53 -5 52.5 -6.06218 50.75 -3.03109 49 -4.04145
57 -5 56 -4.04145 54.25 -3.03109 52.5 -6.06218
60 -5 59.5 -6.06218 57.75 -3.03109 56 -4.04145
64 -5 63 -4.04145 61.25 -3.03109 59.5 -6.06218
67 -5 66.5 -6.06218 64.75 -3.03109 63 -4.04145
-65 -4 -66.5 -6.06218 -66.5 -2.02073 -68.25 -3.03109
-64 -4 -66.5 -6.06218 -64.75 -3.03109 -66.5 -2.02073
-58 -4 -59.5 -6.06218 -59.5 -2.02073 -61.25 -3.03109
-57 -4 -59.5 -6.06218 -57.75 -3.03109 -59.5 -2.02073
-51 -4 -52.5 -6.06218 -52.5 -2.02073 -54.25 -3.03109
-50 -4 -52.5 -6.06218 -50.75 -3.03109 -52.5 -2.02073
-44 -4 -45.5 -6.06218 -45.5 -2.02073 -47.25 -3.03109
-43 -4 -45.5 -6.06218 -43.75 -3.03109 -45.5 -2.02073
-37 -4 -38.5 -6.06218 -38.5 -2.02073 -40.25 -3.03109
-36 -4 -38.5 -6.06218 -36.75 -3.03109 -38.5 -2.02073
-30 -4 -31.5 -6.06218 -31.5 -2.02073 -33.25 -3.03109
-29 -4 -31.5 -6.06218 -29.75 -3.03109 -31.5 -2.02073
-23 -4 -24.5 -6.06218 -24.5 -2.02073 -26.25 -3.03109
-22 -4 -24.5 -6.06218 -22.75 -3.03109 -24.5 -2.02073
-16 -4 -17.5 -6.06218 -17.5 -2.02073 -19.25 -3.03109
-15 -4 -17.5 -6.06218 -15.75 -3.03109 -17.5 -2.02073
-9 -4 -10.5 -6.06218 -10.5 -2.02073 -12.25 -3.03109
-8 -4 -10.5 -6.06218 -8.75 -3.03109 -10.5 -2.02073
-2 -4 -3.5 -6.06218 -3.5 -2.02073 -5.25 -3.03109
-1 -4 -3.5 -6.06218 -1.75 -3.03109 -3.5 -2.02073
5 -4 3.5 -6.06218 3.5 -2.02073 1.75 -3.03109
6 -4 3.5 -6.06218 5.25 -3.03109 3.5 -2.02073
12 -4 10.5 -6.06218 10.5 -2.02073 8.75 -3.03109
13 -4 10.5 -6.06218 12.25 -3.03109 10.5 -2.02073
19 -4 17.5 -6.06218 17.5 -2.02073 15.75 -3.03109
20 -4 17.5 -6.06218 19.25 -3.03109 17.5 -2.02073
26 -4 24.5 -6.06218 24.5 -2.02073 22.75 -3.03109
27 -4 24.5 -6.06218 26.25 -3.03109 24.5 -2.02073
33 -4 31.5 -6.06218 31.5 -2.02073 29.75 -3.03109
34 -4 31.5 -6.06218 33.25 -3.03109 31.5 -2.02073
40 -4 38.5 -6.06218 38.5 -2.02073 36.75 -3.03109
41 -4 38.5 -6.06218 40.25 -3.03109 38.5 -2.02073
47 -4 45.5 -6.06218 45.5 -2.02073 43.75 -3.03109
48 -4 45.5 -6.06218 47.25 -3.03109 45.5 -2.02073
54 -4 52.5 -6.06218 52.5 -2.02073 50.75 -3.03109
55 -4 52.5 -6.06218 54.25 -3.03109 52.5 -2.02073
61 -4 59.5 -6.06218 59.5 -2.02073 57.75 -3.03109
62 -4 59.5 -6.06218 61.25 -3.03109 59.5 -2.02073
68 -4 66.5 -6.06218 66.5 -2.02073 64.75 -3.03109
69 -4 66.5 -6.06218 68.25 -3.03109 66.5 -2.02073
-69 -3 -70 0 -71.75 -3.03109 -70 -4.04145
-68 -3 -70 0 -70 -4.04145 -68.25 -3.03109
-62 -3 -63 0 -64.75 -3.03109 -63 -4.04145
-61 -3 -63 0 -63 -4.04145 -61.25 -3.03109
-55 -3 -56 0 -57.75 -3.03109 -56 -4.04145
-54 -3 -56 0 -56 -4.04145 -54.25 -3.03109
-48 -3 -49 0 -50.75 -3.03109 -49 -4.04145
-47 -3 -49 0 -49 -4.04145 -47.25 -3.03109
-41 -3 -42 0 -43.75 -3.03109 -42 -4.04145
-40 -3 -42 0 -42 -4.04145 -40.25 -3.03109
-34 -3 -35 0 -36.75 -3.03109 -35 -4.04145
-33 -3 -35 0 -35 -4.04145 -33.25 -3.03109
-27 -3 -28 0 -29.75 -3.03109 -28 -4.04145
-26 -3 -28 0 -28 -4.04145 -26.25 -3.03109
-20 -3 -21 0 -22.75 -3.03109 -21 -4.04145
-19 -3 -21 0 -21 -4.04145 -19.25 -3.03109
-13 -3 -14 0 -15.75 -3.03109 -14 -4.04145
-12 -3 -14 0 -14 -4.04145 -12.25 -3.03109
-6 -3 -7 0 -8.75 -3.03109 -7 -4.04145
-5 -3 -7 0 -7 -4.04145 -5.25 -3.03109
1 -3 0 0 -1.75 -3.03109 0 -4.04145
2 -3 0 0 0 -4.04145 1.75 -3.03109
8 -3 7 0 5.25 -3.03109 7 -4.04145
9 -3 7 0 7 -4.04145 8.75 -3.03109
15 -3 14 0 12.25 -3.03109 14 -4.04145
16 -3 14 0 14 -4.04145 15.75 -3.03109
22 -3 21 0 19.25 -3.03109 21 -4.04145
23 -3 21 0 21 -4.04145 22.75 -3.03109
29 -3 28 0 26.25 -3.03109 28 -4.04145
30 -3 28 0 28 -4.04145 29.75 -3.03109
36 -3 35 0 33.25 -3.03109 35 -4.04145
37 -3 35 0 35 -4.04145 36.75 -3.03109
43 -3 42 0 40.25 -3.03109 42 -4.04145
44 -3 42 0 42 -4.04145 43.75 -3.03109
50 -3 49 0 47.25 -3.03109 49 -4.04145
51 -3 49 0 49 -4.04145 50.75 -3.03109
57 -3 56 0 54.25 -3.03109 56 -4.04145
58 -3 56 0 56 -4.04145 57.75 -3.03109
64 -3 63 0 61.25 -3.03109 63 -4.04145
65 -3 63 0 63 -4.04145 64.75 -3.03109
-67 -2 -70 0 -68.25 -3.03109 -66.5 -2.02073
-64 -2 -63 0 -66.5 -2.02073 -64.75 -3.03109
-60 -2 -63 0 -61.25 -3.03109 -59.5 -2.02073
-57 -2 -56 0 -59.5 -2.02073 -57.75 -3.03109
-53 -2 -56 0 -54.25 -3.03109 -52.5 -2.02073
-50 -2 -49 0 -52.5 -2.02073 -50.75 -3.03109
-46 -2 -49 0 -47.25 -3.03109 -45.5 -2.02073
-43 -2 -42 0 -45.5 -2.02073 -43.75 -3.03109
-39 -2 -42 0 -40.25 -3.03109 -38.5 -2.02073
-36 -2 -35 0 -38.5 -2.02073 -36.75 -3.03109
-32 -2 -35 0 -33.25 -3.03109 -31.5 -2.02073
-29 -2 -28 0 -31.5 -2.02073 -29.75 -3.03109
-25 -2 -28 0 -26.25 -3.03109 -24.5 -2.02073
-22 -2 -21 0 -24.5 -2.02073 -22.75 -3.03109
-18 -2 -21 0 -19.25 -3.03109 -17.5 -2.02073
-15 -2 -14 0 -17.5 -2.02073 -15.75 -3.03109
-11 -2 -14 0 -12.25 -3.03109 -10.5 -2.02073
-8 -2 -7 0 -10.5 -2.02073 -8.75 -3.03109
-4 -2 -7 0 -5.25 -3.03109 -3.5 -2.02073
-1 -2 0 0 -3.5 -2.02073 -1.75 -3.03109
3 -2 0 0 1.75 -3.03109 3.5 -2.02073
6 -2 7 0 3.5 -2.02073 5.25 -3.03109
10 -2 7 0 8.75 -3.03109 10.5 -2.02073
13 -2 14 0 10.5 -2.02073 12.25 -3.03109
17 -2 14 0 15.75 -3.03109 17.5 -2.02073
20 -2 21 0 17.5 -2.02073 19.25 -3.03109
24 -2 21 0 22.75 -3.03109 24.5 -2.02073
27 -2 28 0 24.5 -2.02073 26.25 -3.03109
31 -2 28 0 29.75 -3.03109 31.5 -2.02073
34 -2 35 0 31.5 -2.02073 33.25 -3.03109
38 -2 35 0 36.75 -3.03109 38.5 -2.02073
41 -2 42 0 38.5 -2.02073 40.25 -3.03109
45 -2 42 0 43.75 -3.03109 45.5 -2.02073
48 -2 49 0 45.5 -2.02073 47.25 -3.03109
52 -2 49 0 50.75 -3.03109 52.5 -2.02073
55 -2 56 0 52.5 -2.02073 54.25 -3.03109
59 -2 56 0 57.75 -3.03109 59.5 -2.02073
62 -2 63 0 59.5 -2.02073 61.25 -3.03109
66 -2 63 0 64.75 -3.03109 66.5 -2.02073
69 -2 70 0 66.5 -2.02073 68.25 -3.03109
-67 -1 -70 0 -66.5 -2.02073 -66.5 0
-65 -1 -63 0 -66.5 0 -66.5 -2.02073
-60 -1 -63 0 -59.5 -2.02073 -59.5 0
-58 -1 -56 0 -59.5 0 -59.5 -2.02073
-53 -1 -56 0 -52.5 -2.02073 -52.5 0
-51 -1 -49 0 -52.5 0 -52.5 -2.02073
-46 -1 -49 0 -45.5 -2.02073 -45.5 0
-44 -1 -42 0 -45.5 0 -45.5 -2.02073
-39 -1 -42 0 -38.5 -2.02073 -38.5 0
-37 -1 -35 0 -38.5 0 -38.5 -2.02073
-32 -1 -35 0 -31.5 -2.02073 -31.5 0
-30 -1 -28 0 -31.5 0 -31.5 -2.02073
-25 -1 -28 0 -24.5 -2.02073 -24.5 0
-23 -1 -21 0 -24.5 0 -24.5 -2.02073
-18 -1 -21 0 -17.5 -2.02073 -17.5 0
-16 -1 -14 0 -17.5 0 -17.5 -2.02073
-11 -1 -14 0 -10.5 -2.02073 -10.5 0
-9 -1 -7 0 -10.5 0 -10.5 -2.02073
-4 -1 -7 0 -3.5 -2.02073 -3.5 0
-2 -1 0 0 -3.5 0 -3.5 -2.02073
3 -1 0 0 3.5 -2.02073 3.5 0
5 -1 7 0 3.5 0 3.5 -2.02073
10 -1 7 0 10.5 -2.02073 10.5 0
12 -1 14 0 10.5 0 10.5 -2.02073
17 -1 14 0 17.5 -2.02073 17.5 0
19 -1 21 0 17.5 0 17.5 -2.02073
24 -1 21 0 24.5 -2.02073 24.5 0
26 -1 28 0 24.5 0 24.5 -2.02073
31 -1 28 0 31.5 -2.02073 31.5 0
33 -1 35 0 31.5 0 31.5 -2.02073
38 -1 35 0 38.5 -2.02073 38.5 0
40 -1 42 0 38.5 0 38.5 -2.02073
45 -1 42 0 45.5 -2.02073 45.5 0
47 -1 49 0 45.5 0 45.5 -2.02073
52 -1 49 0 52.5 -2.02073 52.5 0
54 -1 56 0 52.5 0 52.5 -2.02073
59 -1 56 0 59.5 -2.02073 59.5 0
61 -1 63 0 59.5 0 59.5 -2.02073
66 -1 63 0 66.5 -2.02073 66.5 0
68 -1 70 0 66.5 0 66.5 -2.02073
-68 1 -70 0 -66.5 0 -66.5 2.02073
-66 1 -63 0 -66.5 2.02073 -66.5 0
-61 1 -63 0 -59.5 0 -59.5 2.02073
-59 1 -56 0 -59.5 2.02073 -59.5 0
-54 1 -56 0 -52.5 0 -52.5 2.02073
-52 1 -49 0 -52.5 2.02073 -52.5 0
-47 1 -49 0 -45.5 0 -45.5 2.02073
-45 1 -42 0 -45.5 2.02073 -45.5 0
-40 1 -42 0 -38.5 0 -38.5 2.02073
-38 1 -35 0 -38.5 2.02073 -38.5 0
-33 1 -35 0 -31.5 0 -31.5 2.02073
-31 1 -28 0 -31.5 2.02073 -31.5 0
-26 1 -28 0 -24.5 0 -24.5 2.02073
-24 1 -21 0 -24.5 2.02073 -24.5 0
-19 1 -21 0 -17.5 0 -17.5 2.02073
-17 1 -14 0 -17.5 2.02073 -17.5 0
-12 1 -14 0 -10.5 0 -10.5 2.02073
-10 1 -7 0 -10.5 2.02073 -10.5 0
-5 1 -7 0 -3.5 0 -3.5 2.02073
-3 1 0 0 -3.5 2.02073 -3.5 0
2 1 0 0 3.5 0 3.5 2.02073
4 1 7 0 3.5 2.02073 3.5 0
9 1 7 0 10.5 0 10.5 2.02073
11 1 14 0 10.5 2.02073 10.5 0
16 1 14 0 17.5 0 17.5 2.02073
18 1 21 0 17.5 2.02073 17.5 0
23 1 21 0 24.5 0 24.5 2.02073
25 1 28 0 24.5 2.02073 24.5 0
30 1 28 0 31.5 0 31.5 2.02073
32 1 35 0 31.5 2.02073 31.5 0
37 1 35 0 38.5 0 38.5 2.02073
39 1 42 0 38.5 2.02073 38.5 0
44 1 42 0 45.5 0 45.5 2.02073
46 1 49 0 45.5 2.02073 45.5 0
51 1 49 0 52.5 0 52.5 2.02073
53 1 56 0 52.5 2.02073 52.5 0
58 1 56 0 59.5 0 59.5 2.02073
60 1 63 0 59.5 2.02073 59.5 0
65 1 63 0 66.5 0 66.5 2.02073
67 1 70 0 66.5 2.02073 66.5 0
-69 2 -66.5 2.02073 -68.25 3.03109 -70 0
-66 2 -63 0 -64.75 3.03109 -66.5 2.02073
-62 2 -59.5 2.02073 -61.25 3.03109 -63 0
-59 2 -56 0 -57.75 3.03109 -59.5 2.02073
-55 2 -52.5 2.02073 -54.25 3.03109 -56 0
-52 2 -49 0 -50.75 3.03109 -52.5 2.02073
-48 2 -45.5 2.02073 -47.25 3.03109 -49 0
-45 2 -42 0 -43.75 3.03109 -45.5 2.02073
-41 2 -38.5 2.02073 -40.25 3.03109 -42 0
-38 2 -35 0 -36.75 3.03109 -38.5 2.02073
-34 2 -31.5 2.02073 -33.25 3.03109 -35 0
-31 2 -28 0 -29.75 3.03109 -31.5 2.02073
-27 2 -24.5 2.02073 -26.25 3.03109 -28 0
-24 2 -21 0 -22.75 3.03109 -24.5 2.02073
-20 2 -17.5 2.02073 -19.25 3.03109 -21 0
-17 2 -14 0 -15.75 3.03109 -17.5 2.02073
-13 2 -10.5 2.02073 -12.25 3.03109 -14 0
-10 2 -7 0 -8.75 3.03109 -10.5 2.02073
-6 2 -3.5 2.02073 -5.25 3.03109 -7 0
-3 2 0 0 -1.75 3.03109 -3.5 2.02073
1 2 3.5 2.02073 1.75 3.03109 0 0
4 2 7 0 5.25 3.03109 3.5 2.02073
8 2 10.5 2.02073 8.75 3.03109 7 0
11 2 14 0 12.25 3.03109 10.5 2.02073
15 2 17.5 2.02073 15.75 3.03109 14 0
18 2 21 0 19.25 3.03109 17.5 2.02073
22 2 24.5 2.02073 22.75 3.03109 21 0
25 2 28 0 26.25 3.03109 24.5 2.02073
29 2 31.5 2.02073 29.75 3.03109 28 0
32 2 35 0 33.25 3.03109 31.5 2.02073
36 2 38.5 2.02073 36.75 3.03109 35 0
39 2 42 0 40.25 3.03109 38.5 2.02073
43 2 45.5 2.02073 43.75 3.03109 42 0
46 2 49 0 47.25 3.03109 45.5 2.02073
50 2 52.5 2.02073 50.75 3.03109 49 0
53 2 56 0 54.25 3.03109 52.5 2.02073
57 2 59.5 2.02073 57.75 3.03109 56 0
60 2 63 0 61.25 3.03109 59.5 2.02073
64 2 66.5 2.02073 64.75 3.03109 63 0
67 2 70 0 68.25 3.03109 66.5 2.02073
-65 3 -63 0 -63 4.04145 -64.75 3.03109
-64 3 -63 0 -61.25 3.03109 -63 4.04145
-58 3 -56 0 -56 4.04145 -57.75 3.03109
-57 3 -56 0 -54.25 3.03109 -56 4.04145
-51 3 -49 0 -49 4.04145 -50.75 3.03109
-50 3 -49 0 -47.25 3.03109 -49 4.04145
-44 3 -42 0 -42 4.04145 -43.75 3.03109
-43 3 -42 0 -40.25 3.03109 -42 4.04145
-37 3 -35 0 -35 4.04145 -36.75 3.03109
-36 3 -35 0 -33.25 3.03109 -35 4.04145
-30 3 -28 0 -28 4.04145 -29.75 3.03109
-29 3 -28 0 -26.25 3.03109 -28 4.04145
-23 3 -21 0 -21 4.04145 -22.75 3.03109
-22 3 -21 0 -19.25 3.03109 -21 4.04145
-16 3 -14 0 -14 4.04145 -15.75 3.03109
-15 3 -14 0 -12.25 3.03109 -14 4.04145
-9 3 -7 0 -7 4.04145 -8.75 3.03109
-8 3 -7 0 -5.25 3.03109 -7 4.04145
-2 3 0 0 0 4.04145 -1.75 3.03109
-1 3 0 0 1.75 3.03109 0 4.04145
5 3 7 0 7 4.04145 5.25 3.03109
6 3 7 0 8.75 3.03109 7 4.04145
12 3 14 0 14 4.04145 12.25 3.03109
13 3 14 0 15.75 3.03109 14 4.04145
19 3 21 0 21 4.04145 19.25 3.03109
20 3 21 0 22.75 3.03109 21 4.04145
26 3 28 0 28 4.04145 26.25 3.03109
27 3 28 0 29.75 3.03109 28 4.04145
33 3 35 0 35 4.04145 33.25 3.03109
34 3 35 0 36.75 3.03109 35 4.04145
40 3 42 0 42 4.04145 40.25 3.03109
41 3 42 0 43.75 3.03109 42 4.04145
47 3 49 0 49 4.04145 47.25 3.03109
48 3 49 0 50.75 3.03109 49 4.04145
54 3 56 0 56 4.04145 54.25 3.03109
55 3 56 0 57.75 3.03109 56 4.04145
61 3 63 0 63 4.04145 61.25 3.03109
62 3 63 0 64.75 3.03109 63 4.04145
68 3 70 0 70 4.04145 68.25 3.03109
69 3 70 0 71.75 3.03109 70 4.04145
-69 4 -66.5 6.06218 -68.25 3.03109 -66.5 2.02073
-68 4 -66.5 6.06218 -66.5 2.02073 -64.75 3.03109
-62 4 -59.5 6.06218 -61.25 3.03109 -59.5 2.02073
-61 4 -59.5 6.06218 -59.5 2.02073 -57.75 3.03109
-55 4 -52.5 6.06218 -54.25 3.03109 -52.5 2.02073
-54 4 -52.5 6.06218 -52.5 2.02073 -50.75 3.03109
-48 4 -45.5 6.06218 -47.25 3.03109 -45.5 2.02073
-47 4 -45.5 6.06218 -45.5 2.02073 -43.75 3.03109
-41 4 -38.5 6.06218 -40.25 3.03109 -38.5 2.02073
-40 4 -38.5 6.06218 -38.5 2.02073 -36.75 3.03109
-34 4 -31.5 6.06218 -33.25 3.03109 -31.5 2.02073
-33 4 -31.5 6.06218 -31.5 2.02073 -29.75 3.03109
-27 4 -24.5 6.06218 -26.25 3.03109 -24.5 2.02073
-26 4 -24.5 6.06218 -24.5 2.02073 -22.75 3.03109
-20 4 -17.5 6.06218 -19.25 3.03109 -17.5 2.02073
-19 4 -17.5 6.06218 -17.5 2.02073 -15.75 3.03109
-13 4 -10.5 6.06218 -12.25 3.03109 -10.5 2.02073
-12 4 -10.5 6.06218 -10.5 2.02073 -8.75 3.03109
-6 4 -3.5 6.06218 -5.25 3.03109 -3.5 2.02073
-5 4 -3.5 6.06218 -3.5 2.02073 -1.75 3.03109
1 4 3.5 6.06218 1.75 3.03109 3.5 2.02073
2 4 3.5 6.06218 3.5 2.02073 5.25 3.03109
8 4 10.5 6.06218 8.75 3.03109 10.5 2.02073
9 4 10.5 6.06218 10.5 2.02073 12.25 3.03109
15 4 17.5 6.06218 15.75 3.03109 17.5 2.02073
16 4 17.5 6.06218 17.5 2.02073 19.25 3.03109
22 4 24.5 6.06218 22.75 3.03109 24.5 2.02073
23 4 24.5 6.06218 24.5 2.02073 26.25 3.03109
29 4 31.5 6.06218 29.75 3.03109 31.5 2.02073
30 4 31.5 6.06218 31.5 2.02073 33.25 3.03109
36 4 38.5 6.06218 36.75 3.03109 38.5 2.02073
37 4 38.5 6.06218 38.5 2.02073 40.25 3.03109
43 4 45.5 6.06218 43.75 3.03109 45.5 2.02073
44 4 45.5 6.06218 45.5 2.02073 47.25 3.03109
50 4 52.5 6.06218 50.75 3.03109 52.5 2.02073
51 4 52.5 6.06218 52.5 2.02073 54.25 3.03109
57 4 59.5 6.06218 57.75 3.03109 59.5 2.02073
58 4 59.5 6.06218 59.5 2.02073 61.25 3.03109
64 4 66.5 6.06218 64.75 3.03109 66.5 2.02073
65 4 66.5 6.06218 66.5 2.02073 68.25 3.03109
-67 5 -66.5 6.06218 -64.75 3.03109 -63 4.04145
-64 5 -59.5 6.06218 -63 4.04145 -61.25 3.03109
-60 5 -59.5 6.06218 -57.75 3.03109 -56 4.04145
-57 5 -52.5 6.06218 -56 4.04145 -54.25 3.03109
-53 5 -52.5 6.06218 -50.75 3.03109 -49 4.04145
-50 5 -45.5 6.06218 -49 4.04145 -47.25 3.03109
-46 5 -45.5 6.06218 -43.75 3.03109 -42 4.04145
-43 5 -38.5 6.06218 -42 4.04145 -40.25 3.03109
-39 5 -38.5 6.06218 -36.75 3.03109 -35 4.04145
-36 5 -31.5 6.06218 -35 4.04145 -33.25 3.03109
-32 5 -31.5 6.06218 -29.75 3.03109 -28 4.04145
-29 5 -24.5 6.06218 -28 4.04145 -26.25 3.03109
-25 5 -24.5 6.06218 -22.75 3.03109 -21 4.04145
-22 5 -17.5 6.06218 -21 4.04145 -19.25 3.03109
-18 5 -17.5 6.06218 -15.75 3.03109 -14 4.04145
-15 5 -10.5 6.06218 -14 4.04145 -12.25 3.03109
-11 5 -10.5 6.06218 -8.75 3.03109 -7 4.04145
-8 5 -3.5 6.06218 -7 4.04145 -5.25 3.03109
-4 5 -3.5 6.06218 -1.75 3.03109 0 4.04145
-1 5 3.5 6.06218 0 4.04145 1.75 3.03109
3 5 3.5 6.06218 5.25 3.03109 7 4.04145
6 5 10.5 6.06218 7 4.04145 8.75 3.03109
10 5 10.5 6.06218 12.25 3.03109 14 4.04145
13 5 17.5 6.06218 14 4.04145 15.75 3.03109
17 5 17.5 6.06218 19.25 3.03109 21 4.04145
20 5 24.5 6.06218 21 4.04145 22.75 3.03109
24 5 24.5 6.06218 26.25 3.03109 28 4.04145
27 5 31.5 6.06218 28 4.04145 29.75 3.03109
31 5 31.5 6.06218 33.25 3.03109 35 4.04145
34 5 38.5 6.06218 35 4.04145 36.75 3.03109
38 5 38.5 6.06218 40.25 3.03109 42 4.04145
41 5 45.5 6.06218 42 4.04145 43.75 3.03109
45 5 45.5 6.06218 47.25 3.03109 49 4.04145
48 5 52.5 6.06218 49 4.04145 50.75 3.03109
52 5 52.5 6.06218 54.25 3.03109 56 4.04145
55 5 59.5 6.06218 56 4.04145 57.75 3.03109
59 5 59.5 6.06218 61.25 3.03109 63 4.04145
62 5 66.5 6.06218 63 4.04145 64.75 3.03109
66 5 66.5 6.06218 68.25 3.03109 70 4.04145
69 5 73.5 6.06218 70 4.04145 71.75 3.03109
-67 6 -66.5 6.06218 -63 4.04145 -63 6.06218
-65 6 -59.5 6.06218 -63 6.06218 -63 4.04145
-60 6 -59.5 6.06218 -56 4.04145 -56 6.06218
-58 6 -52.5 6.06218 -56 6.06218 -56 4.04145
-53 6 -52.5 6.06218 -49 4.04145 -49 6.06218
-51 6 -45.5 6.06218 -49 6.06218 -49 4.04145
-46 6 -45.5 6.06218 -42 4.04145 -42 6.06218
-44 6 -38.5 6.06218 -42 6.06218 -42 4.04145
-39 6 -38.5 6.06218 -35 4.04145 -35 6.06218
-37 6 -31.5 6.06218 -35 6.06218 -35 4.04145
-32 6 -31.5 6.06218 -28 4.04145 -28 6.06218
-30 6 -24.5 6.06218 -28 6.06218 -28 4.04145
-25 6 -24.5 6.06218 -21 4.04145 -21 6.06218
-23 6 -17.5 6.06218 -21 6.06218 -21 4.04145
-18 6 -17.5 6.06218 -14 4.04145 -14 6.06218
-16 6 -10.5 6.06218 -14 6.06218 -14 4.04145
-11 6 -10.5 6.06218 -7 4.04145 -7 6.06218
-9 6 -3.5 6.06218 -7 6.06218 -7 4.04145
-4 6 -3.5 6.06218 0 4.04145 0 6.06218
-2 6 3.5 6.06218 0 6.06218 0 4.04145
3 6 3.5 6.06218 7 4.04145 7 6.06218
5 6 10.5 6.06218 7 6.06218 7 4.04145
10 6 10.5 6.06218 14 4.04145 14 6.06218
12 6 17.5 6.06218 14 6.06218 14 4.04145
17 6 17.5 6.06218 21 4.04145 21 6.06218
19 6 24.5 6.06218 21 6.06218 21 4.04145
24 6 24.5 6.06218 28 4.04145 28 6.06218
26 6 31.5 6.06218 28 6.06218 28 4.04145
31 6 31.5 6.06218 35 4.04145 35 6.06218
33 6 38.5 6.06218 35 6.06218 35 4.04145
38 6 38.5 6.06218 42 4.04145 42 6.06218
40 6 45.5 6.06218 42 6.06218 42 4.04145
45 6 45.5 6.06218 49 4.04145 49 6.06218
47 6 52.5 6.06218 49 6.06218 49 4.04145
52 6 52.5 6.06218 56 4.04145 56 6.06218
54 6 59.5 6.06218 56 6.06218 56 4.04145
59 6 59.5 6.06218 63 4.04145 63 6.06218
61 6 66.5 6.06218 63 6.06218 63 4.04145
66 6 66.5 6.06218 70 4.04145 70 6.06218
68 6 73.5 6.06218 70 6.06218 70 4.04145
-68 8 -66.5 6.06218 -63 6.06218 -63 8.0829
-66 8 -59.5 6.06218 -63 8.0829 -63 6.06218
-61 8 -59.5 6.06218 -56 6.06218 -56 8.0829
-59 8 -52.5 6.06218 -56 8.0829 -56 6.06218
-54 8 -52.5 6.06218 -49 6.06218 -49 8.0829
-52 8 -45.5 6.06218 -49 8.0829 -49 6.06218
-47 8 -45.5 6.06218 -42 6.06218 -42 8.0829
-45 8 -38.5 6.06218 -42 8.0829 -42 6.06218
-40 8 -38.5 6.06218 -35 6.06218 -35 8.0829
-38 8 -31.5 6.06218 -35 8.0829 -35 6.06218
-33 8 -31.5 6.06218 -28 6.06218 -28 8.0829
-31 8 -24.5 6.06218 -28 8.0829 -28 6.06218
-26 8 -24.5 6.06218 -21 6.06218 -21 8.0829
-24 8 -17.5 6.06218 -21 8.0829 -21 6.06218
-19 8 -17.5 6.06218 -14 6.06218 -14 8.0829
-17 8 -10.5 6.06218 -14 8.0829 -14 6.06218
-12 8 -10.5 6.06218 -7 6.06218 -7 8.0829
-10 8 -3.5 6.06218 -7 8.0829 -7 6.06218
-5 8 -3.5 6.06218 0 6.06218 0 8.0829
-3 8 3.5 6.06218 0 8.0829 0 6.06218
2 8 3.5 6.06218 7 6.06218 7 8.0829
4 8 10.5 6.06218 7 8.0829 7 6.06218
9 8 10.5 6.06218 14 6.06218 14 8.0829
11 8 17.5 6.06218 14 8.0829 14 6.06218
16 8 17.5 6.06218 21 6.06218 21 8.0829
18 8 24.5 6.06218 21 8.0829 21 6.06218
23 8 24.5 6.06218 28 6.06218 28 8.0829
25 8 31.5 6.06218 28 8.0829 28 6.06218
30 8 31.5 6.06218 35 6.06218 35 8.0829
32 8 38.5 6.06218 35 8.0829 35 6.06218
37 8 38.5 6.06218 42 6.06218 42 8.0829
39 8 45.5 6.06218 42 8.0829 42 6.06218
44 8 45.5 6.06218 49 6.06218 49 8.0829
46 8 52.5 6.06218 49 8.0829 49 6.06218
51 8 52.5 6.06218 56 6.06218 56 8.0829
53 8 59.5 6.06218 56 8.0829 56 6.06218
58 8 59.5 6.06218 63 6.06218 63 8.0829
60 8 66.5 6.06218 63 8.0829 63 6.06218
65 8 66.5 6.06218 70 6.06218 70 8.0829
67 8 73.5 6.06218 70 8.0829 70 6.06218
-69 9 -63 8.0829 -64.75 9.09327 -66.5 6.06218
-66 9 -59.5 6.06218 -61.25 9.09327 -63 8.0829
-62 9 -56 8.0829 -57.75 9.09327 -59.5 6.06218
-59 9 -52.5 6.06218 -54.25 9.09327 -56 8.0829
-55 9 -49 8.0829 -50.75 9.09327 -52.5 6.06218
-52 9 -45.5 6.06218 -47.25 9.09327 -49 8.0829
-48 9 -42 8.0829 -43.75 9.09327 -45.5 6.06218
-45 9 -38.5 6.06218 -40.25 9.09327 -42 8.0829
-41 9 -35 8.0829 -36.75 9.09327 -38.5 6.06218
-38 9 -31.5 6.06218 -33.25 9.09327 -35 8.0829
-34 9 -28 8.0829 -29.75 9.09327 -31.5 6.06218
-31 9 -24.5 6.06218 -26.25 9.09327 -28 8.0829
-27 9 -21 8.0829 -22.75 9.09327 -24.5 6.06218
-24 9 -17.5 6.06218 -19.25 9.09327 -21 8.0829
-20 9 -14 8.0829 -15.75 9.09327 -17.5 6.06218
-17 9 -10.5 6.06218 -12.25 9.09327 -14 8.0829
-13 9 -7 8.0829 -8.75 9.09327 -10.5 6.06218
-10 9 -3.5 6.06218 -5.25 9.09327 -7 8.0829
-6 9 0 8.0829 -1.75 9.09327 -3.5 6.06218
-3 9 3.5 6.06218 1.75 9.09327 0 8.0829
1 9 7 8.0829 5.25 9.09327 3.5 6.06218
4 9 10.5 6.06218 8.75 9.09327 7 8.0829
8 9 14 8.0829 12.25 9.09327 10.5 6.06218
11 9 17.5 6.06218 15.75 9.09327 14 8.0829
15 9 21 8.0829 19.25 9.09327 17.5 6.06218
18 9 24.5 6.06218 22.75 9.09327 21 8.0829
22 9 28 8.0829 26.25 9.09327 24.5 6.06218
25 9 31.5 6.06218 29.75 9.09327 28 8.0829
29 9 35 8.0829 33.25 9.09327 31.5 6.06218
32 9 38.5 6.06218 36.75 9.09327 35 8.0829
36 9 42 8.0829 40.25 9.09327 38.5 6.06218
39 9 45.5 6.06218 43.75 9.09327 42 8.0829
43 9 49 8.0829 47.25 9.09327 45.5 6.06218
46 9 52.5 6.06218 50.75 9.09327 49 8.0829
50 9 56 8.0829 54.25 9.09327 52.5 6.06218
53 9 59.5 6.06218 57.75 9.09327 56 8.0829
57 9 63 8.0829 61.25 9.09327 59.5 6.06218
60 9 66.5 6.06218 64.75 9.09327 63 8.0829
64 9 70 8.0829 68.25 9.09327 66.5 6.06218
67 9 73.5 6.06218 71.75 9.09327 70 8.0829
-65 10 -59.5 6.06218 -59.5 10.1036 -61.25 9.09327
-64 10 -59.5 6.06218 -57.75 9.09327 -59.5 10.1036
-58 10 -52.5 6.06218 -52.5 10.1036 -54.25 9.09327
-57 10 -52.5 6.06218 -50.75 9.09327 -52.5 10.1036
-51 10 -45.5 6.06218 -45.5 10.1036 -47.25 9.09327
-50 10 -45.5 6.06218 -43.75 9.09327 -45.5 10.1036
-44 10 -38.5 6.06218 -38.5 10.1036 -40.25 9.09327
-43 10 -38.5 6.06218 -36.75 9.09327 -38.5 10.1036
-37 10 -31.5 6.06218 -31.5 10.1036 -33.25 9.09327
-36 10 -31.5 6.06218 -29.75 9.09327 -31.5 10.1036
-30 10 -24.5 6.06218 -24.5 10.1036 -26.25 9.09327
-29 10 -24.5 6.06218 -22.75 9.09327 -24.5 10.1036
-23 10 -17.5 6.06218 -17.5 10.1036 -19.25 9.09327
-22 10 -17.5 6.06218 -15.75 9.09327 -17.5 10.1036
-16 10 -10.5 6.06218 -10.5 10.1036 -12.25 9.09327
-15 10 -10.5 6.06218 -8.75 9.09327 -10.5 10.1036
-9 10 -3.5 6.06218 -3.5 10.1036 -5.25 9.09327
-8 10 -3.5 6.06218 -1.75 9.09327 -3.5 10.1036
-2 10 3.5 6.06218 3.5 10.1036 1.75 9.09327
-1 10 3.5 6.06218 5.25 9.09327 3.5 10.1036
5 10 10.5 6.06218 10.5 10.1036 8.75 9.09327
6 10 10.5 6.06218 12.25 9.09327 10.5 10.1036
12 10 17.5 6.06218 17.5 10.1036 15.75 9.09327
13 10 17.5 6.06218 19.25 9.09327 17.5 10.1036
19 10 24.5 6.06218 24.5 10.1036 22.75 9.09327
20 10 24.5 6.06218 26.25 9.09327 24.5 10.1036
26 10 31.5 6.06218 31.5 10.1036 29.75 9.09327
27 10 31.5 6.06218 33.25 9.09327 31.5 10.1036
33 10 38.5 6.06218 38.5 10.1036 36.75 9.09327
34 10 38.5 6.06218 40.25 9.09327 38.5 10.1036
40 10 45.5 6.06218 45.5 10.1036 43.75 9.09327
41 10 45.5 6.06218 47.25 9.09327 45.5 10.1036
47 10 52.5 6.06218 52.5 10.1036 50.75 9.09327
48 10 52.5 6.06218 54.25 9.09327 52.5 10.1036
54 10 59.5 6.06218 59.5 10.1036 57.75 9.09327
55 10 59.5 6.06218 61.25 9.09327 59.5 10.1036
61 10 66.5 6.06218 66.5 10.1036 64.75 9.09327
62 10 66.5 6.06218 68.25 9.09327 66.5 10.1036
68 10 73.5 6.06218 73.5 10.1036 71.75 9.09327
69 10 73.5 6.06218 75.25 9.09327 73.5 10.1036
-69 11 -63 12.1244 -64.75 9.09327 -63 8.0829
-68 11 -63 12.1244 -63 8.0829 -61.25 9.09327
-62 11 -56 12.1244 -57.75 9.09327 -56 8.0829
-61 11 -56 12.1244 -56 8.0829 -54.25 9.09327
-55 11 -49 12.1244 -50.75 9.09327 -49 8.0829
-54 11 -49 12.1244 -49 8.0829 -47.25 9.09327
-48 11 -42 12.1244 -43.75 9.09327 -42 8.0829
-47 11 -42 12.1244 -42 8.0829 -40.25 9.09327
-41 11 -35 12.1244 -36.75 9.09327 -35 8.0829
-40 11 -35 12.1244 -35 8.0829 -33.25 9.09327
-34 11 -28 12.1244 -29.75 9.09327 -28 8.0829
-33 11 -28 12.1244 -28 8.0829 -26.25 9.09327
-27 11 -21 12.1244 -22.75 9.09327 -21 8.0829
-26 11 -21 12.1244 -21 8.0829 -19.25 9.09327
-20 11 -14 12.1244 -15.75 9.09327 -14 8.0829
-19 11 -14 12.1244 -14 8.0829 -12.25 9.09327
-13 11 -7 12.1244 -8.75 9.09327 -7 8.0829
-12 11 -7 12.1244 -7 8.0829 -5.25 9.09327
-6 11 0 12.1244 -1.75 9.09327 0 8.0829
-5 11 0 12.1244 0 8.0829 1.75 9.09327
1 11 7 12.1244 5.25 9.09327 7 8.0829
2 11 7 12.1244 7 8.0829 8.75 9.09327
8 11 14 12.1244 12.25 9.09327 14 8.0829
9 11 14 12.1244 14 8.0829 15.75 9.09327
15 11 21 12.1244 19.25 9.09327 21 8.0829
16 11 21 12.1244 21 8.0829 22.75 9.09327
22 11 28 12.1244 26.25 9.09327 28 8.0829
23 11 28 12.1244 28 8.0829 29.75 9.09327
29 11 35 12.1244 33.25 9.09327 35 8.0829
30 11 35 12.1244 35 8.0829 36.75 9.09327
36 11 42 12.1244 40.25 9.09327 42 8.0829
37 11 42 12.1244 42 8.0829 43.75 9.09327
43 11 49 12.1244 47.25 9.09327 49 8.0829
44 11 49 12.1244 49 8.0829 50.75 9.09327
50 11 56 12.1244 54.25 9.09327 56 8.0829
51 11 56 12.1244 56 8.0829 57.75 9.09327
57 11 63 12.1244 61.25 9.09327 63 8.0829
58 11 63 12.1244 63 8.0829 64.75 9.09327
64 11 70 12.1244 68.25 9.09327 70 8.0829
65 11 70 12.1244 70 8.0829 71.75 9.09327
-67 12 -63 12.1244 -61.25 9.09327 -59.5 10.1036
-64 12 -56 12.1244 -59.5 10.1036 -57.75 9.09327
-60 12 -56 12.1244 -54.25 9.09327 -52.5 10.1036
-57 12 -49 12.1244 -52.5 10.1036 -50.75 9.09327
-53 12 -49 12.1244 -47.25 9.09327 -45.5 10.1036
-50 12 -42 12.1244 -45.5 10.1036 -43.75 9.09327
-46 12 -42 12.1244 -40.25 9.09327 -38.5 10.1036
-43 12 -35 12.1244 -38.5 10.1036 -36.75 9.09327
-39 12 -35 12.1244 -33.25 9.09327 -31.5 10.1036
-36 12 -28 12.1244 -31.5 10.1036 -29.75 9.09327
-32 12 -28 12.1244 -26.25 9.09327 -24.5 10.1036
-29 12 -21 12.1244 -24.5 10.1036 -22.75 9.09327
-25 12 -21 12.1244 -19.25 9.09327 -17.5 10.1036
-22 12 -14 12.1244 -17.5 10.1036 -15.75 9.09327
-18 12 -14 12.1244 -12.25 9.09327 -10.5 10.1036
-15 12 -7 12.1244 -10.5 10.1036 -8.75 9.09327
-11 12 -7 12.1244 -5.25 9.09327 -3.5 10.1036
-8 12 0 12.1244 -3.5 10.1036 -1.75 9.09327
-4 12 0 12.1244 1.75 9.09327 3.5 10.1036
-1 12 7 12.1244 3.5 10.1036 5.25 9.09327
3 12 7 12.1244 8.75 9.09327 10.5 10.1036
6 12 14 12.1244 10.5 10.1036 12.25 9.09327
10 12 14 12.1244 15.75 9.09327 17.5 10.1036
13 12 21 12.1244 17.5 10.1036 19.25 9.09327
17 12 21 12.1244 22.75 9.09327 24.5 10.1036
20 12 28 12.1244 24.5 10.1036 26.25 9.09327
24 12 28 12.1244 29.75 9.09327 31.5 10.1036
27 12 35 12.1244 31.5 10.1036 33.25 9.09327
31 12 35 12.1244 36.75 9.09327 38.5 10.1036
34 12 42 12.1244 38.5 10.1036 40.25 9.09327
38 12 42 12.1244 43.75 9.09327 45.5 10.1036
41 12 49 12.1244 45.5 10.1036 47.25 9.09327
45 12 49 12.1244 50.75 9.09327 52.5 10.1036
48 12 56 12.1244 52.5 10.1036 54.25 9.09327
52 12 56 12.1244 57.75 9.09327 59.5 10.1036
55 12 63 12.1244 59.5 10.1036 61.25 9.09327
59 12 63 12.1244 64.75 9.09327 66.5 10.1036
62 12 70 12.1244 66.5 10.1036 68.25 9.09327
66 12 70 12.1244 71.75 9.09327 73.5 10.1036
69 12 77 12.1244 73.5 10.1036 75.25 9.09327
-67 13 -63 12.1244 -59.5 10.1036 -59.5 12.1244
-65 13 -56 12.1244 -59.5 12.1244 -59.5 10.1036
-60 13 -56 12.1244 -52.5 10.1036 -52.5 12.1244
-58 13 -49 12.1244 -52.5 12.1244 -52.5 10.1036
-53 13 -49 12.1244 -45.5 10.1036 -45.5 12.1244
-51 13 -42 12.1244 -45.5 12.1244 -45.5 10.1036
-46 13 -42 12.1244 -38.5 10.1036 -38.5 12.1244
-44 13 -35 12.1244 -38.5 12.1244 -38.5 10.1036
-39 13 -35 12.1244 -31.5 10.1036 -31.5 12.1244
-37 13 -28 12.1244 -31.5 12.1244 -31.5 10.1036
-32 13 -28 12.1244 -24.5 10.1036 -24.5 12.1244
-30 13 -21 12.1244 -24.5 12.1244 -24.5 10.1036
-25 13 -21 12.1244 -17.5 10.1036 -17.5 12.1244
-23 13 -14 12.1244 -17.5 12.1244 -17.5 10.1036
-18 13 -14 12.1244 -10.5 10.1036 -10.5 12.1244
-16 13 -7 12.1244 -10.5 12.1244 -10.5 10.1036
-11 13 -7 12.1244 -3.5 10.1036 -3.5 12.1244
-9 13 0 12.1244 -3.5 12.1244 -3.5 10.1036
-4 13 0 12.1244 3.5 10.1036 3.5 12.1244
-2 13 7 12.1244 3.5 12.1244 3.5 10.1036
3 13 7 12.1244 10.5 10.1036 10.5 12.1244
5 13 14 12.1244 10.5 12.1244 10.5 10.1036
10 13 14 12.1244 17.5 10.1036 17.5 12.1244
12 13 21 12.1244 17.5 12.1244 17.5 10.1036
17 13 21 12.1244 24.5 10.1036 24.5 12.1244
19 13 28 12.1244 24.5 12.1244 24.5 10.1036
24 13 28 12.1244 31.5 10.1036 31.5 12.1244
26 13 35 12.1244 31.5 12.1244 31.5 10.1036
31 13 35 12.1244 38.5 10.1036 38.5 12.1244
33 13 42 12.1244 38.5 12.1244 38.5 10.1036
38 13 42 12.1244 45.5 10.1036 45.5 12.1244
40 13 49 12.1244 45.5 12.1244 45.5 10.1036
45 13 49 12.1244 52.5 10.1036 52.5 12.1244
47 13 56 12.1244 52.5 12.1244 52.5 10.1036
52 13 56 12.1244 59.5 10.1036 59.5 12.1244
54 13 63 12.1244 59.5 12.1244 59.5 10.1036
59 13 63 12.1244 66.5 10.1036 66.5 12.1244
61 13 70 12.1244 66.5 12.1244 66.5 10.1036
66 13 70 12.1244 73.5 10.1036 73.5 12.1244
68 13 77 12.1244 73.5 12.1244 73.5 10.1036
-68 15 -63 12.1244 -59.5 12.1244 -59.5 14.1451
-66 15 -56 12.1244 -59.5 14.1451 -59.5 12.1244
-61 15 -56 12.1244 -52.5 12.1244 -52.5 14.1451
-59 15 -49 12.1244 -52.5 14.1451 -52.5 12.1244
-54 15 -49 12.1244 -45.5 12.1244 -45.5 14.1451
-52 15 -42 12.1244 -45.5 14.1451 -45.5 12.1244
-47 15 -42 12.1244 -38.5 12.1244 -38.5 14.1451
-45 15 -35 12.1244 -38.5 14.1451 -38.5 12.1244
-40 15 -35 12.1244 -31.5 12.1244 -31.5 14.1451
-38 15 -28 12.1244 -31.5 14.1451 -31.5 12.1244
-33 15 -28 12.1244 -24.5 12.1244 -24.5 14.1451
-31 15 -21 12.1244 -24.5 14.1451 -24.5 12.1244
-26 15 -21 12.1244 -17.5 12.1244 -17.5 14.1451
-24 15 -14 12.1244 -17.5 14.1451 -17.5 12.1244
-19 15 -14 12.1244 -10.5 12.1244 -10.5 14.1451
-17 15 -7 12.1244 -10.5 14.1451 -10.5 12.1244
-12 15 -7 12.1244 -3.5 12.1244 -3.5 14.1451
-10 15 0 12.1244 -3.5 14.1451 -3.5 12.1244
-5 15 0 12.1244 3.5 12.1244 3.5 14.1451
-3 15 7 12.1244 3.5 14.1451 3.5 12.1244
2 15 7 12.1244 10.5 12.1244 10.5 14.1451
4 15 14 12.1244 10.5 14.1451 10.5 12.1244
9 15 14 12.1244 17.5 12.1244 17.5 14.1451
11 15 21 12.1244 17.5 14.1451 17.5 12.1244
16 15 21 12.1244 24.5 12.1244 24.5 14.1451
18 15 28 12.1244 24.5 14.1451 24.5 12.1244
23 15 28 12.1244 31.5 12.1244 31.5 14.1451
25 15 35 12.1244 31.5 14.1451 31.5 12.1244
30 15 35 12.1244 38.5 12.1244 38.5 14.1451
32 15 42 12.1244 38.5 14.1451 38.5 12.1244
37 15 42 12.1244 45.5 12.1244 45.5 14.1451
39 15 49 12.1244 45.5 14.1451 45.5 12.1244
44 15 49 12.1244 52.5 12.1244 52.5 14.1451
46 15 56 12.1244 52.5 14.1451 52.5 12.1244
51 15 56 12.1244 59.5 12.1244 59.5 14.1451
53 15 63 12.1244 59.5 14.1451 59.5 12.1244
58 15 63 12.1244 66.5 12.1244 66.5 14.1451
60 15 70 12.1244 66.5 14.1451 66.5 12.1244
65 15 70 12.1244 73.5 12.1244 73.5 14.1451
67 15 77 12.1244 73.5 14.1451 73.5 12.1244
-69 16 -59.5 14.1451 -61.25 15.1554 -63 12.1244
-66 16 -56 12.1244 -57.75 15.1554 -59.5 14.1451
-62 16 -52.5 14.1451 -54.25 15.1554 -56 12.1244
-59 16 -49 12.1244 -50.75 15.1554 -52.5 14.1451
-55 16 -45.5 14.1451 -47.25 15.1554 -49 12.1244
-52 16 -42 12.1244 -43.75 15.1554 -45.5 14.1451
-48 16 -38.5 14.1451 -40.25 15.1554 -42 12.1244
-45 16 -35 12.1244 -36.75 15.1554 -38.5 14.1451
-41 16 -31.5 14.1451 -33.25 15.1554 -35 12.1244
-38 16 -28 12.1244 -29.75 15.1554 -31.5 14.1451
-34 16 -24.5 14.1451 -26.25 15.1554 -28 12.1244
-31 16 -21 12.1244 -22.75 15.1554 -24.5 14.1451
-27 16 -17.5 14.1451 -19.25 15.1554 -21 12.1244
-24 16 -14 12.1244 -15.75 15.1554 -17.5 14.1451
-20 16 -10.5 14.1451 -12.25 15.1554 -14 12.1244
-17 16 -7 12.1244 -8.75 15.1554 -10.5 14.1451
-13 16 -3.5 14.1451 -5.25 15.1554 -7 12.1244
-10 16 0 12.1244 -1.75 15.1554 -3.5 14.1451
-6 16 3.5 14.1451 1.75 15.1554 0 12.1244
-3 16 7 12.1244 5.25 15.1554 3.5 14.1451
1 16 10.5 14.1451 8.75 15.1554 7 12.1244
4 16 14 12.1244 12.25 15.1554 10.5 14.1451
8 16 17.5 14.1451 15.75 15.1554 14 12.1244
11 16 21 12.1244 19.25 15.1554 17.5 14.1451
15 16 24.5 14.1451 22.75 15.1554 21 12.1244
18 16 28 12.1244 26.25 15.1554 24.5 14.1451
22 16 31.5 14.1451 29.75 15.1554 28 12.1244
25 16 35 12.1244 33.25 15.1554 31.5 14.1451
29 16 38.5 14.1451 36.75 15.1554 35 12.1244
32 16 42 12.1244 40.25 15.1554 38.5 14.1451
36 16 45.5 14.1451 43.75 15.1554 42 12.1244
39 16 49 12.1244 47.25 15.1554 45.5 14.1451
43 16 52.5 14.1451 50.75 15.1554 49 12.1244
46 16 56 12.1244 54.25 15.1554 52.5 14.1451
50 16 59.5 14.1451 57.75 15.1554 56 12.1244
53 16 63 12.1244 61.25 15.1554 59.5 14.1451
57 16 66.5 14.1451 64.75 15.1554 63 12.1244
60 16 70 12.1244 68.25 15.1554 66.5 14.1451
64 16 73.5 14.1451 71.75 15.1554 70 12.1244
67 16 77 12.1244 75.25 15.1554 73.5 14.1451
-65 17 -56 12.1244 -56 16.1658 -57.75 15.1554
-64 17 -56 12.1244 -54.25 15.1554 -56 16.1658
-58 17 -49 12.1244 -49 16.1658 -50.75 15.1554
-57 17 -49 12.1244 -47.25 15.1554 -49 16.1658
-51 17 -42 12.1244 -42 16.1658 -43.75 15.1554
-50 17 -42 12.1244 -40.25 15.1554 -42 16.1658
-44 17 -35 12.1244 -35 16.1658 -36.75 15.1554
-43 17 -35 12.1244 -33.25 15.1554 -35 16.1658
-37 17 -28 12.1244 -28 16.1658 -29.75 15.1554
-36 17 -28 12.1244 -26.25 15.1554 -28 16.1658
-30 17 -21 12.1244 -21 16.1658 -22.75 15.1554
-29 17 -21 12.1244 -19.25 15.1554 -21 16.1658
-23 17 -14 12.1244 -14 16.1658 -15.75 15.1554
-22 17 -14 12.1244 -12.25 15.1554 -14 16.1658
-16 17 -7 12.1244 -7 16.1658 -8.75 15.1554
-15 17 -7 12.1244 -5.25 15.1554 -7 16.1658
-9 17 0 12.1244 0 16.1658 -1.75 15.1554
-8 17 0 12.1244 1.75 15.1554 0 16.1658
-2 17 7 12.1244 7 16.1658 5.25 15.1554
-1 17 7 12.1244 8.75 15.1554 7 16.1658
5 17 14 12.1244 14 16.1658 12.25 15.1554
6 17 14 12.1244 15.75 15.1554 14 16.1658
12 17 21 12.1244 21 16.1658 19.25 15.1554
13 17 21 12.1244 22.75 15.1554 21 16.1658
19 17 28 12.1244 28 16.1658 26.25 15.1554
20 17 28 12.1244 29.75 15.1554 28 16.1658
26 17 35 12.1244 35 16.1658 33.25 15.1554
27 17 35 12.1244 36.75 15.1554 35 16.1658
33 17 42 12.1244 42 16.1658 40.25 15.1554
34 17 42 12.1244 43.75 15.1554 42 16.1658
40 17 49 12.1244 49 16.1658 47.25 15.1554
41 17 49 12.1244 50.75 15.1554 49 16.1658
47 17 56 12.1244 56 16.1658 54.25 15.1554
48 17 56 12.1244 57.75 15.1554 56 16.1658
54 17 63 12.1244 63 16.1658 61.25 15.1554
55 17 63 12.1244 64.75 15.1554 63 16.1658
61 17 70 12.1244 70 16.1658 68.25 15.1554
62 17 70 12.1244 71.75 15.1554 70 16.1658
68 17 77 12.1244 77 16.1658 75.25 15.1554
69 17 77 12.1244 78.75 15.1554 77 16.1658
-69 18 -59.5 18.1865 -61.25 15.1554 -59.5 14.1451
-68 18 -59.5 18.1865 -59.5 14.1451 -57.75 15.1554
-62 18 -52.5 18.1865 -54.25 15.1554 -52.5 14.1451
-61 18 -52.5 18.1865 -52.5 14.1451 -50.75 15.1554
-55 18 -45.5 18.1865 -47.25 15.1554 -45.5 14.1451
-54 18 -45.5 18.1865 -45.5 14.1451 -43.75 15.1554
-48 18 -38.5 18.1865 -40.25 15.1554 -38.5 14.1451
-47 18 -38.5 18.1865 -38.5 14.1451 -36.75 15.1554
-41 18 -31.5 18.1865 -33.25 15.1554 -31.5 14.1451
-40 18 -31.5 18.1865 -31.5 14.1451 -29.75 15.1554
-34 18 -24.5 18.1865 -26.25 15.1554 -24.5 14.1451
-33 18 -24.5 18.1865 -24.5 14.1451 -22.75 15.1554
-27 18 -17.5 18.1865 -19.25 15.1554 -17.5 14.1451
-26 18 -17.5 18.1865 -17.5 14.1451 -15.75 15.1554
-20 18 -10.5 18.1865 -12.25 15.1554 -10.5 14.1451
-19 18 -10.5 18.1865 -10.5 14.1451 -8.75 15.1554
-13 18 -3.5 18.1865 -5.25 15.1554 -3.5 14.1451
-12 18 -3.5 18.1865 -3.5 14.1451 -1.75 15.1554
-6 18 3.5 18.1865 1.75 15.1554 3.5 14.1451
-5 18 3.5 18.1865 3.5 14.1451 5.25 15.1554
1 18 10.5 18.1865 8.75 15.1554 10.5 14.1451
2 18 10.5 18.1865 10.5 14.1451 12.25 15.1554
8 18 17.5 18.1865 15.75 15.1554 17.5 14.1451
9 18 17.5 18.1865 17.5 14.1451 19.25 15.1554
15 18 24.5 18.1865 22.75 15.1554 24.5 14.1451
16 18 24.5 18.1865 24.5 14.1451 26.25 15.1554
22 18 31.5 18.1865 29.75 15.1554 31.5 14.1451
23 18 31.5 18.1865 31.5 14.1451 33.25 15.1554
29 18 38.5 18.1865 36.75 15.1554 38.5 14.1451
30 18 38.5 18.1865 38.5 14.1451 40.25 15.1554
36 18 45.5 18.1865 43.75 15.1554 45.5 14.1451
37 18 45.5 18.1865 45.5 14.1451 47.25 15.1554
43 18 52.5 18.1865 50.75 15.1554 52.5 14.1451
44 18 52.5 18.1865 52.5 14.1451 54.25 15.1554
50 18 59.5 18.1865 57.75 15.1554 59.5 14.1451
51 18 59.5 18.1865 59.5 14.1451 61.25 15.1554
57 18 66.5 18.1865 64.75 15.1554 66.5 14.1451
58 18 66.5 18.1865 66.5 14.1451 68.25 15.1554
64 18 73.5 18.1865 71.75 15.1554 73.5 14.1451
65 18 73.5 18.1865 73.5 14.1451 75.25 15.1554
-67 19 -59.5 18.1865 -57.75 15.1554 -56 16.1658
-64 19 -52.5 18.1865 -56 16.1658 -54.25 15.1554
-60 19 -52.5 18.1865 -50.75 15.1554 -49 16.1658
-57 19 -45.5 18.1865 -49 16.1658 -47.25 15.1554
-53 19 -45.5 18.1865 -43.75 15.1554 -42 16.1658
-50 19 -38.5 18.1865 -42 16.1658 -40.25 15.1554
-46 19 -38.5 18.1865 -36.75 15.1554 -35 16.1658
-43 19 -31.5 18.1865 -35 16.1658 -33.25 15.1554
-39 19 -31.5 18.1865 -29.75 15.1554 -28 16.1658
-36 19 -24.5 18.1865 -28 16.1658 -26.25 15.1554
-32 19 -24.5 18.1865 -22.75 15.1554 -21 16.1658
-29 19 -17.5 18.1865 -21 16.1658 -19.25 15.1554
-25 19 -17.5 18.1865 -15.75 15.1554 -14 16.1658
-22 19 -10.5 18.1865 -14 16.1658 -12.25 15.1554
-18 19 -10.5 18.1865 -8.75 15.1554 -7 16.1658
-15 19 -3.5 18.1865 -7 16.1658 -5.25 15.1554
-11 19 -3.5 18.1865 -1.75 15.1554 0 16.1658
-8 19 3.5 18.1865 0 16.1658 1.75 15.1554
-4 19 3.5 18.1865 5.25 15.1554 7 16.1658
-1 19 10.5 18.1865 7 16.1658 8.75 15.1554
3 19 10.5 18.1865 12.25 15.1554 14 16.1658
6 19 17.5 18.1865 14 16.1658 15.75 15.1554
10 19 17.5 18.1865 19.25 15.1554 21 16.1658
13 19 24.5 18.1865 21 16.1658 22.75 15.1554
17 19 24.5 18.1865 26.25 15.1554 28 16.1658
20 19 31.5 18.1865 28 16.1658 29.75 15.1554
24 19 31.5 18.1865 33.25 15.1554 35 16.1658
27 19 38.5 18.1865 35 16.1658 36.75 15.1554
31 19 38.5 18.1865 40.25 15.1554 42 16.1658
34 19 45.5 18.1865 42 16.1658 43.75 15.1554
38 19 45.5 18.1865 47.25 15.1554 49 16.1658
41 19 52.5 18.1865 49 16.1658 50.75 15.1554
45 19 52.5 18.1865 54.25 15.1554 56 16.1658
48 19 59.5 18.1865 56 16.1658 57.75 15.1554
52 19 59.5 18.1865 61.25 15.1554 63 16.1658
55 19 66.5 18.1865 63 16.1658 64.75 15.1554
59 19 66.5 18.1865 68.25 15.1554 70 16.1658
62 19 73.5 18.1865 70 16.1658 71.75 15.1554
66 19 73.5 18.1865 75.25 15.1554 77 16.1658
69 19 80.5 18.1865 77 16.1658 78.75 15.1554
-67 20 -59.5 18.1865 -56 16.1658 -56 18.1865
-65 20 -52.5 18.1865 -56 18.1865 -56 16.1658
-60 20 -52.5 18.1865 -49 16.1658 -49 18.1865
-58 20 -45.5 18.1865 -49 18.1865 -49 16.1658
-53 20 -45.5 18.1865 -42 16.1658 -42 18.1865
-51 20 -38.5 18.1865 -42 18.1865 -42 16.1658
-46 20 -38.5 18.1865 -35 16.1658 -35 18.1865
-44 20 -31.5 18.1865 -35 18.1865 -35 16.1658
-39 20 -31.5 18.1865 -28 16.1658 -28 18.1865
-37 20 -24.5 18.1865 -28 18.1865 -28 16.1658
-32 20 -24.5 18.1865 -21 16.1658 -21 18.1865
-30 20 -17.5 18.1865 -21 18.1865 -21 16.1658
-25 20 -17.5 18.1865 -14 16.1658 -14 18.1865
-23 20 -10.5 18.1865 -14 18.1865 -14 16.1658
-18 20 -10.5 18.1865 -7 16.1658 -7 18.1865
-16 20 -3.5 18.1865 -7 18.1865 -7 16.1658
-11 20 -3.5 18.1865 0 16.1658 0 18.1865
-9 20 3.5 18.1865 0 18.1865 0 16.1658
-4 20 3.5 18.1865 7 16.1658 7 18.1865
-2 20 10.5 18.1865 7 18.1865 7 16.1658
3 20 10.5 18.1865 14 16.1658 14 18.1865
5 20 17.5 18.1865 14 18.1865 14 16.1658
10 20 17.5 18.1865 21 16.1658 21 18.1865
12 20 24.5 18.1865 21 18.1865 21 16.1658
17 20 24.5 18.1865 28 16.1658 28 18.1865
19 20 31.5 18.1865 28 18.1865 28 16.1658
24 20 31.5 18.1865 35 16.1658 35 18.1865
26 20 38.5 18.1865 35 18.1865 35 16.1658
31 20 38.5 18.1865 42 16.1658 42 18.1865
33 20 45.5 18.1865 42 18.1865 42 16.1658
38 20 45.5 18.1865 49 16.1658 49 18.1865
40 20 52.5 18.1865 49 18.1865 49 16.1658
45 20 52.5 18.1865 56 16.1658 56 18.1865
47 20 59.5 18.1865 56 18.1865 56 16.1658
52 20 59.5 18.1865 63 16.1658 63 18.1865
54 20 66.5 18.1865 63 18.1865 63 16.1658
59 20 66.5 18.1865 70 16.1658 70 18.1865
61 20 73.5 18.1865 70 18.1865 70 16.1658
66 20 73.5 18.1865 77 16.1658 77 18.1865
68 20 80.5 18.1865 77 18.1865 77 16.1658
-68 22 -59.5 18.1865 -56 18.1865 -56 20.2073
-66 22 -52.5 18.1865 -56 20.2073 -56 18.1865
-61 22 -52.5 18.1865 -49 18.1865 -49 20.2073
-59 22 -45.5 18.1865 -49 20.2073 -49 18.1865
-54 22 -45.5 18.1865 -42 18.1865 -42 20.2073
-52 22 -38.5 18.1865 -42 20.2073 -42 18.1865
-47 22 -38.5 18.1865 -35 18.1865 -35 20.2073
-45 22 -31.5 18.1865 -35 20.2073 -35 18.1865
-40 22 -31.5 18.1865 -28 18.1865 -28 20.2073
-38 22 -24.5 18.1865 -28 20.2073 -28 18.1865
-33 22 -24.5 18.1865 -21 18.1865 -21 20.2073
-31 22 -17.5 18.1865 -21 20.2073 -21 18.1865
-26 22 -17.5 18.1865 -14 18.1865 -14 20.2073
-24 22 -10.5 18.1865 -14 20.2073 -14 18.1865
-19 22 -10.5 18.1865 -7 18.1865 -7 20.2073
-17 22 -3.5 18.1865 -7 20.2073 -7 18.1865
-12 22 -3.5 18.1865 0 18.1865 0 20.2073
-10 22 3.5 18.1865 0 20.2073 0 18.1865
-5 22 3.5 18.1865 7 18.1865 7 20.2073
-3 22 10.5 18.1865 7 20.2073 7 18.1865
2 22 10.5 18.1865 14 18.1865 14 20.2073
4 22 17.5 18.1865 14 20.2073 14 18.1865
9 22 17.5 18.1865 21 18.1865 21 20.2073
11 22 24.5 18.1865 21 20.2073 21 18.1865
16 22 24.5 18.1865 28 18.1865 28 20.2073
18 22 31.5 18.1865 28 20.2073 28 18.1865
23 22 31.5 18.1865 35 18.1865 35 20.2073
25 22 38.5 18.1865 35 20.2073 35 18.1865
30 22 38.5 18.1865 42 18.1865 42 20.2073
32 22 45.5 18.1865 42 20.2073 42 18.1865
37 22 45.5 18.1865 49 18.1865 49 20.2073
39 22 52.5 18.1865 49 20.2073 49 18.1865
44 22 52.5 18.1865 56 18.1865 56 20.2073
46 22 59.5 18.1865 56 20.2073 56 18.1865
51 22 59.5 18.1865 63 18.1865 63 20.2073
53 22 66.5 18.1865 63 20.2073 63 18.1865
58 22 66.5 18.1865 70 18.1865 70 20.2073
60 22 73.5 18.1865 70 20.2073 70 18.1865
65 22 73.5 18.1865 77 18.1865 77 20.2073
67 22 80.5 18.1865 77 20.2073 77 18.1865
-69 23 -56 20.2073 -57.75 21.2176 -59.5 18.1865
-66 23 -52.5 18.1865 -54.25 21.2176 -56 20.2073
-62 23 -49 20.2073 -50.75 21.2176 -52.5 18.1865
-59 23 -45.5 18.1865 -47.25 21.2176 -49 20.2073
-55 23 -42 20.2073 -43.75 21.2176 -45.5 18.1865
-52 23 -38.5 18.1865 -40.25 21.2176 -42 20.2073
-48 23 -35 20.2073 -36.75 21.2176 -38.5 18.1865
-45 23 -31.5 18.1865 -33.25 21.2176 -35 20.2073
-41 23 -28 20.2073 -29.75 21.2176 -31.5 18.1865
-38 23 -24.5 18.1865 -26.25 21.2176 -28 20.2073
-34 23 -21 20.2073 -22.75 21.2176 -24.5 18.1865
-31 23 -17.5 18.1865 -19.25 21.2176 -21 20.2073
-27 23 -14 20.2073 -15.75 21.2176 -17.5 18.1865
-24 23 -10.5 18.1865 -12.25 21.2176 -14 20.2073
-20 23 -7 20.2073 -8.75 21.2176 -10.5 18.1865
-17 23 -3.5 18.1865 -5.25 21.2176 -7 20.2073
-13 23 0 20.2073 -1.75 21.2176 -3.5 18.1865
-10 23 3.5 18.1865 1.75 21.2176 0 20.2073
-6 23 7 20.2073 5.25 21.2176 3.5 18.1865
-3 23 10.5 18.1865 8.75 21.2176 7 20.2073
1 23 14 20.2073 12.25 21.2176 10.5 18.1865
4 23 17.5 18.1865 15.75 21.2176 14 20.2073
8 23 21 20.2073 19.25 21.2176 17.5 18.1865
11 23 24.5 18.1865 22.75 21.2176 21 20.2073
15 23 28 20.2073 26.25 21.2176 24.5 18.1865
18 23 31.5 18.1865 29.75 21.2176 28 20.2073
22 23 35 20.2073 33.25 21.2176 31.5 18.1865
25 23 38.5 18.1865 36.75 21.2176 35 20.2073
29 23 42 20.2073 40.25 21.2176 38.5 18.1865
32 23 45.5 18.1865 43.75 21.2176 42 20.2073
36 23 49 20.2073 47.25 21.2176 45.5 18.1865
39 23 52.5 18.1865 50.75 21.2176 49 20.2073
43 23 56 20.2073 54.25 21.2176 52.5 18.1865
46 23 59.5 18.1865 57.75 21.2176 56 20.2073
50 23 63 20.2073 61.25 21.2176 59.5 18.1865
53 23 66.5 18.1865 64.75 21.2176 63 20.2073
57 23 70 20.2073 68.25 21.2176 66.5 18.1865
60 23 73.5 18.1865 71.75 21.2176 70 20.2073
64 23 77 20.2073 75.25 21.2176 73.5 18.1865
67 23 80.5 18.1865 78.75 21.2176 77 20.2073
-65 24 -52.5 18.1865 -52.5 22.228 -54.25 21.2176
-64 24 -52.5 18.1865 -50.75 21.2176 -52.5 22.228
-58 24 -45.5 18.1865 -45.5 22.228 -47.25 21.2176
-57 24 -45.5 18.1865 -43.75 21.2176 -45.5 22.228
-51 24 -38.5 18.1865 -38.5 22.228 -40.25 21.2176
-50 24 -38.5 18.1865 -36.75 21.2176 -38.5 22.228
-44 24 -31.5 18.1865 -31.5 22.228 -33.25 21.2176
-43 24 -31.5 18.1865 -29.75 21.2176 -31.5 22.228
-37 24 -24.5 18.1865 -24.5 22.228 -26.25 21.2176
-36 24 -24.5 18.1865 -22.75 21.2176 -24.5 22.228
-30 24 -17.5 18.1865 -17.5 22.228 -19.25 21.2176
-29 24 -17.5 18.1865 -15.75 21.2176 -17.5 22.228
-23 24 -10.5 18.1865 -10.5 22.228 -12.25 21.2176
-22 24 -10.5 18.1865 -8.75 21.2176 -10.5 22.228
-16 24 -3.5 18.1865 -3.5 22.228 -5.25 21.2176
-15 24 -3.5 18.1865 -1.75 21.2176 -3.5 22.228
-9 24 3.5 18.1865 3.5 22.228 1.75 21.2176
-8 24 3.5 18.1865 5.25 21.2176 3.5 22.228
-2 24 10.5 18.1865 10.5 22.228 8.75 21.2176
-1 24 10.5 18.1865 12.25 21.2176 10.5 22.228
5 24 17.5 18.1865 17.5 22.228 15.75 21.2176
6 24 17.5 18.1865 19.25 21.2176 17.5 22.228
12 24 24.5 18.1865 24.5 22.228 22.75 21.2176
13 24 24.5 18.1865 26.25 21.2176 24.5 22.228
19 24 31.5 18.1865 31.5 22.228 29.75 21.2176
20 24 31.5 18.1865 33.25 21.2176 31.5 22.228
26 24 38.5 18.1865 38.5 22.228 36.75 21.2176
27 24 38.5 18.1865 40.25 21.2176 38.5 22.228
33 24 45.5 18.1865 45.5 22.228 43.75 21.2176
34 24 45.5 18.1865 47.25 21.2176 45.5 22.228
40 24 52.5 18.1865 52.5 22.228 50.75 21.2176
41 24 52.5 18.1865 54.25 21.2176 52.5 22.228
47 24 59.5 18.1865 59.5 22.228 57.75 21.2176
48 24 59.5 18.1865 61.25 21.2176 59.5 22.228
54 24 66.5 18.1865 66.5 22.228 64.75 21.2176
55 24 66.5 18.1865 68.25 21.2176 66.5 22.228
61 24 73.5 18.1865 73.5 22.228 71.75 21.2176
62 24 73.5 18.1865 75.25 21.2176 73.5 22.228
68 24 80.5 18.1865 80.5 22.228 78.75 21.2176
69 24 80.5 18.1865 82.25 21.2176 80.5 22.228
-69 25 -56 24.2487 -57.75 21.2176 -56 20.2073
-68 25 -56 24.2487 -56 20.2073 -54.25 21.2176
-62 25 -49 24.2487 -50.75 21.2176 -49 20.2073
-61 25 -49 24.2487 -49 20.2073 -47.25 21.2176
-55 25 -42 24.2487 -43.75 21.2176 -42 20.2073
-54 25 -42 24.2487 -42 20.2073 -40.25 21.2176
-48 25 -35 24.2487 -36.75 21.2176 -35 20.2073
-47 25 -35 24.2487 -35 20.2073 -33.25 21.2176
-41 25 -28 24.2487 -29.75 21.2176 -28 20.2073
-40 25 -28 24.2487 -28 20.2073 -26.25 21.2176
-34 25 -21 24.2487 -22.75 21.2176 -21 20.2073
-33 25 -21 24.2487 -21 20.2073 -19.25 21.2176
-27 25 -14 24.2487 -15.75 21.2176 -14 20.2073
-26 25 -14 24.2487 -14 20.2073 -12.25 21.2176
-20 25 -7 24.2487 -8.75 21.2176 -7 20.2073
-19 25 -7 24.2487 -7 20.2073 -5.25 21.2176
-13 25 0 24.2487 -1.75 21.2176 0 20.2073
-12 25 0 24.2487 0 20.2073 1.75 21.2176
-6 25 7 24.2487 5.25 21.2176 7 20.2073
-5 25 7 24.2487 7 20.2073 8.75 21.2176
1 25 14 24.2487 12.25 21.2176 14 20.2073
2 25 14 24.2487 14 20.2073 15.75 21.2176
8 25 21 24.2487 19.25 21.2176 21 20.2073
9 25 21 24.2487 21 20.2073 22.75 21.2176
15 25 28 24.2487 26.25 21.2176 28 20.2073
16 25 28 24.2487 28 20.2073 29.75 21.2176
22 25 35 24.2487 33.25 21.2176 35 20.2073
23 25 35 24.2487 35 20.2073 36.75 21.2176
29 25 42 24.2487 40.25 21.2176 42 20.2073
30 25 42 24.2487 42 20.2073 43.75 21.2176
36 25 49 24.2487 47.25 21.2176 49 20.2073
37 25 49 24.2487 49 20.2073 50.75 21.2176
43 25 56 24.2487 54.25 21.2176 56 20.2073
44 25 56 24.2487 56 20.2073 57.75 21.2176
50 25 63 24.2487 61.25 21.2176 63 20.2073
51 25 63 24.2487 63 20.2073 64.75 21.2176
57 25 70 24.2487 68.25 21.2176 70 20.2073
58 25 70 24.2487 70 20.2073 71.75 21.2176
64 25 77 24.2487 75.25 21.2176 77 20.2073
65 25 77 24.2487 77 20.2073 78.75 21.2176
-67 26 -56 24.2487 -54.25 21.2176 -52.5 22.228
-64 26 -49 24.2487 -52.5 22.228 -50.75 21.2176
-60 26 -49 24.2487 -47.25 21.2176 -45.5 22.228
-57 26 -42 24.2487 -45.5 22.228 -43.75 21.2176
-53 26 -42 24.2487 -40.25 21.2176 -38.5 22.228
-50 26 -35 24.2487 -38.5 22.228 -36.75 21.2176
-46 26 -35 24.2487 -33.25 21.2176 -31.5 22.228
-43 26 -28 24.2487 -31.5 22.228 -29.75 21.2176
-39 26 -28 24.2487 -26.25 21.2176 -24.5 22.228
-36 26 -21 24.2487 -24.5 22.228 -22.75 21.2176
-32 26 -21 24.2487 -19.25 21.2176 -17.5 22.228
-29 26 -14 24.2487 -17.5 22.228 -15.75 21.2176
-25 26 -14 24.2487 -12.25 21.2176 -10.5 22.228
-22 26 -7 24.2487 -10.5 22.228 -8.75 21.2176
-18 26 -7 24.2487 -5.25 21.2176 -3.5 22.228
-15 26 0 24.2487 -3.5 22.228 -1.75 21.2176
-11 26 0 24.2487 1.75 21.2176 3.5 22.228
-8 26 7 24.2487 3.5 22.228 5.25 21.2176
-4 26 7 24.2487 8.75 21.2176 10.5 22.228
-1 26 14 24.2487 10.5 22.228 12.25 21.2176
3 26 14 24.2487 15.75 21.2176 17.5 22.228
6 26 21 24.2487 17.5 22.228 19.25 21.2176
10 26 21 24.2487 22.75 21.2176 24.5 22.228
13 26 28 24.2487 24.5 22.228 26.25 21.2176
17 26 28 24.2487 29.75 21.2176 31.5 22.228
20 26 35 24.2487 31.5 22.228 33.25 21.2176
24 26 35 24.2487 36.75 21.2176 38.5 22.228
27 26 42 24.2487 38.5 22.228 40.25 21.2176
31 26 42 24.2487 43.75 21.2176 45.5 22.228
34 26 49 24.2487 45.5 22.228 47.25 21.2176
38 26 49 24.2487 50.75 21.2176 52.5 22.228
41 26 56 24.2487 52.5 22.228 54.25 21.2176
45 26 56 24.2487 57.75 21.2176 59.5 22.228
48 26 63 24.2487 59.5 22.228 61.25 21.2176
52 26 63 24.2487 64.75 21.2176 66.5 22.228
55 26 70 24.2487 66.5 22.228 68.25 21.2176
59 26 70 24.2487 71.75 21.2176 73.5 22.228
62 26 77 24.2487 73.5 22.228 75.25 21.2176
66 26 77 24.2487 78.75 21.2176 80.5 22.228
69 26 84 24.2487 80.5 22.228 82.25 21.2176
-67 27 -56 24.2487 -52.5 22.228 -52.5 24.2487
-65 27 -49 24.2487 -52.5 24.2487 -52.5 22.228
-60 27 -49 24.2487 -45.5 22.228 -45.5 24.2487
-58 27 -42 24.2487 -45.5 24.2487 -45.5 22.228
-53 27 -42 24.2487 -38.5 22.228 -38.5 24.2487
-51 27 -35 24.2487 -38.5 24.2487 -38.5 22.228
-46 27 -35 24.2487 -31.5 22.228 -31.5 24.2487
-44 27 -28 24.2487 -31.5 24.2487 -31.5 22.228
-39 27 -28 24.2487 -24.5 22.228 -24.5 24.2487
-37 27 -21 24.2487 -24.5 24.2487 -24.5 22.228
-32 27 -21 24.2487 -17.5 22.228 -17.5 24.2487
-30 27 -14 24.2487 -17.5 24.2487 -17.5 22.228
-25 27 -14 24.2487 -10.5 22.228 -10.5 24.2487
-23 27 -7 24.2487 -10.5 24.2487 -10.5 22.228
-18 27 -7 24.2487 -3.5 22.228 -3.5 24.2487
-16 27 0 24.2487 -3.5 24.2487 -3.5 22.228
-11 27 0 24.2487 3.5 22.228 3.5 24.2487
-9 27 7 24.2487 3.5 24.2487 3.5 22.228
-4 27 7 24.2487 10.5 22.228 10.5 24.2487
-2 27 14 24.2487 10.5 24.2487 10.5 22.228
3 27 14 24.2487 17.5 22.228 17.5 24.2487
5 27 21 24.2487 17.5 24.2487 17.5 22.228
10 27 21 24.2487 24.5 22.228 24.5 24.2487
12 27 28 24.2487 24.5 24.2487 24.5 22.228
17 27 28 24.2487 31.5 22.228 31.5 24.2487
19 27 35 24.2487 31.5 24.2487 31.5 22.228
24 27 35 24.2487 38.5 22.228 38.5 24.2487
26 27 42 24.2487 38.5 24.2487 38.5 22.228
31 27 42 24.2487 45.5 22.228 45.5 24.2487
33 27 49 24.2487 45.5 24.2487 45.5 22.228
38 27 49 24.2487 52.5 22.228 52.5 24.2487
40 27 56 24.2487 52.5 24.2487 52.5 22.228
45 27 56 24.2487 59.5 22.228 59.5 24.2487
47 27 63 24.2487 59.5 24.2487 59.5 22.228
52 27 63 24.2487 66.5 22.228 66.5 24.2487
54 27 70 24.2487 66.5 24.2487 66.5 22.228
59 27 70 24.2487 73.5 22.228 73.5 24.2487
61 27 77 24.2487 73.5 24.2487 73.5 22.228
66 27 77 24.2487 80.5 22.228 80.5 24.2487
68 27 84 24.2487 80.5 24.2487 80.5 22.228
-68 29 -56 24.2487 -52.5 24.2487 -52.5 26.2694
-66 29 -49 24.2487 -52.5 26.2694 -52.5 24.2487
-61 29 -49 24.2487 -45.5 24.2487 -45.5 26.2694
-59 29 -42 24.2487 -45.5 26.2694 -45.5 24.2487
-54 29 -42 24.2487 -38.5 24.2487 -38.5 26.2694
-52 29 -35 24.2487 -38.5 26.2694 -38.5 24.2487
-47 29 -35 24.2487 -31.5 24.2487 -31.5 26.2694
-45 29 -28 24.2487 -31.5 26.2694 -31.5 24.2487
-40 29 -28 24.2487 -24.5 24.2487 -24.5 26.2694
-38 29 -21 24.2487 -24.5 26.2694 -24.5 24.2487
-33 29 -21 24.2487 -17.5 24.2487 -17.5 26.2694
-31 29 -14 24.2487 -17.5 26.2694 -17.5 24.2487
-26 29 -14 24.2487 -10.5 24.2487 -10.5 26.2694
-24 29 -7 24.2487 -10.5 26.2694 -10.5 24.2487
-19 29 -7 24.2487 -3.5 24.2487 -3.5 26.2694
-17 29 0 24.2487 -3.5 26.2694 -3.5 24.2487
-12 29 0 24.2487 3.5 24.2487 3.5 26.2694
-10 29 7 24.2487 3.5 26.2694 3.5 24.2487
-5 29 7 24.2487 10.5 24.2487 10.5 26.2694
-3 29 14 24.2487 10.5 26.2694 10.5 24.2487
2 29 14 24.2487 17.5 24.2487 17.5 26.2694
4 29 21 24.2487 17.5 26.2694 17.5 24.2487
9 29 21 24.2487 24.5 24.2487 24.5 26.2694
11 29 28 24.2487 24.5 26.2694 24.5 24.2487
16 29 28 24.2487 31.5 24.2487 31.5 26.2694
18 29 35 24.2487 31.5 26.2694 31.5 24.2487
23 29 35 24.2487 38.5 24.2487 38.5 26.2694
25 29 42 24.2487 38.5 26.2694 38.5 24.2487
30 29 42 24.2487 45.5 24.2487 45.5 26.2694
32 29 49 24.2487 45.5 26.2694 45.5 24.2487
37 29 49 24.2487 52.5 24.2487 52.5 26.2694
39 29 56 24.2487 52.5 26.2694 52.5 24.2487
44 29 56 24.2487 59.5 24.2487 59.5 26.2694
46 29 63 24.2487 59.5 26.2694 59.5 24.2487
51 29 63 24.2487 66.5 24.2487 66.5 26.2694
53 29 70 24.2487 66.5 26.2694 66.5 24.2487
58 29 70 24.2487 73.5 24.2487 73.5 26.2694
60 29 77 24.2487 73.5 26.2694 73.5 24.2487
65 29 77 24.2487 80.5 24.2487 80.5 26.2694
67 29 84 24.2487 80.5 26.2694 80.5 24.2487
-69 30 -52.5 26.2694 -54.25 27.2798 -56 24.2487
-66 30 -49 24.2487 -50.75 27.2798 -52.5 26.2694
-62 30 -45.5 26.2694 -47.25 27.2798 -49 24.2487
-59 30 -42 24.2487 -43.75 27.2798 -45.5 26.2694
-55 30 -38.5 26.2694 -40.25 27.2798 -42 24.2487
-52 30 -35 24.2487 -36.75 27.2798 -38.5 26.2694
-48 30 -31.5 26.2694 -33.25 27.2798 -35 24.2487
-45 30 -28 24.2487 -29.75 27.2798 -31.5 26.2694
-41 30 -24.5 26.2694 -26.25 27.2798 -28 24.2487
-38 30 -21 24.2487 -22.75 27.2798 -24.5 26.2694
-34 30 -17.5 26.2694 -19.25 27.2798 -21 24.2487
-31 30 -14 24.2487 -15.75 27.2798 -17.5 26.2694
-27 30 -10.5 26.2694 -12.25 27.2798 -14 24.2487
-24 30 -7 24.2487 -8.75 27.2798 -10.5 26.2694
-20 30 -3.5 26.2694 -5.25 27.2798 -7 24.2487
-17 30 0 24.2487 -1.75 27.2798 -3.5 26.2694
-13 30 3.5 26.2694 1.75 27.2798 0 24.2487
-10 30 7 24.2487 5.25 27.2798 3.5 26.2694
-6 30 10.5 26.2694 8.75 27.2798 7 24.2487
-3 30 14 24.2487 12.25 27.2798 10.5 26.2694
1 30 17.5 26.2694 15.75 27.2798 14 24.2487
4 30 21 24.2487 19.25 27.2798 17.5 26.2694
8 30 24.5 26.2694 22.75 27.2798 21 24.2487
11 30 28 24.2487 26.25 27.2798 24.5 26.2694
15 30 31.5 26.2694 29.75 27.2798 28 24.2487
18 30 35 24.2487 33.25 27.2798 31.5 26.2694
22 30 38.5 26.2694 36.75 27.2798 35 24.2487
25 30 42 24.2487 40.25 27.2798 38.5 26.2694
29 30 45.5 26.2694 43.75 27.2798 42 24.2487
32 30 49 24.2487 47.25 27.2798 45.5 26.2694
36 30 52.5 26.2694 50.75 27.2798 49 24.2487
39 30 56 24.2487 54.25 27.2798 52.5 26.2694
43 30 59.5 26.2694 57.75 27.2798 56 24.2487
46 30 63 24.2487 61.25 27.2798 59.5 26.2694
50 30 66.5 26.2694 64.75 27.2798 63 24.2487
53 30 70 24.2487 68.25 27.2798 66.5 26.2694
57 30 73.5 26.2694 71.75 27.2798 70 24.2487
60 30 77 24.2487 75.25 27.2798 73.5 26.2694
64 30 80.5 26.2694 78.75 27.2798 77 24.2487
67 30 84 24.2487 82.25 27.2798 80.5 26.2694
-65 31 -49 24.2487 -49 28.2902 -50.75 27.2798
-64 31 -49 24.2487 -47.25 27.2798 -49 28.2902
-58 31 -42 24.2487 -42 28.2902 -43.75 27.2798
-57 31 -42 24.2487 -40.25 27.2798 -42 28.2902
-51 31 -35 24.2487 -35 28.2902 -36.75 27.2798
-50 31 -35 24.2487 -33.25 27.2798 -35 28.2902
-44 31 -28 24.2487 -28 28.2902 -29.75 27.2798
-43 31 -28 24.2487 -26.25 27.2798 -28 28.2902
-37 31 -21 24.2487 -21 28.2902 -22.75 27.2798
-36 31 -21 24.2487 -19.25 27.2798 -21 28.2902
-30 31 -14 24.2487 -14 28.2902 -15.75 27.2798
-29 31 -14 24.2487 -12.25 27.2798 -14 28.2902
-23 31 -7 24.2487 -7 28.2902 -8.75 27.2798
-22 31 -7 24.2487 -5.25 27.2798 -7 28.2902
-16 31 0 24.2487 0 28.2902 -1.75 27.2798
-15 31 0 24.2487 1.75 27.2798 0 28.2902
-9 31 7 24.2487 7 28.2902 5.25 27.2798
-8 31 7 24.2487 8.75 27.2798 7 28.2902
-2 31 14 24.2487 14 28.2902 12.25 27.2798
-1 31 14 24.2487 15.75 27.2798 14 28.2902
5 31 21 24.2487 21 28.2902 19.25 27.2798
6 31 21 24.2487 22.75 27.2798 21 28.2902
12 31 28 24.2487 28 28.2902 26.25 27.2798
13 31 28 24.2487 29.75 27.2798 28 28.2902
19 31 35 24.2487 35 28.2902 33.25 27.2798
20 31 35 24.2487 36.75 27.2798 35 28.2902
26 31 42 24.2487 42 28.2902 40.25 27.2798
27 31 42 24.2487 43.75 27.2798 42 28.2902
33 31 49 24.2487 49 28.2902 47.25 27.2798
34 31 49 24.2487 50.75 27.2798 49 28.2902
40 31 56 24.2487 56 28.2902 54.25 27.2798
41 31 56 24.2487 57.75 27.2798 56 28.2902
47 31 63 24.2487 63 28.2902 61.25 27.2798
48 31 63 24.2487 64.75 27.2798 63 28.2902
54 31 70 24.2487 70 28.2902 68.25 27.2798
55 31 70 24.2487 71.75 27.2798 70 28.2902
61 31 77 24.2487 77 28.2902 75.25 27.2798
62 31 77 24.2487 78.75 27.2798 77 28.2902
68 31 84 24.2487 84 28.2902 82.25 27.2798
69 31 84 24.2487 85.75 27.2798 84 28.2902
-69 32 -52.5 30.3109 -54.25 27.2798 -52.5 26.2694
-68 32 -52.5 30.3109 -52.5 26.2694 -50.75 27.2798
-62 32 -45.5 30.3109 -47.25 27.2798 -45.5 26.2694
-61 32 -45.5 30.3109 -45.5 26.2694 -43.75 27.2798
-55 32 -38.5 30.3109 -40.25 27.2798 -38.5 26.2694
-54 32 -38.5 30.3109 -38.5 26.2694 -36.75 27.2798
-48 32 -31.5 30.3109 -33.25 27.2798 -31.5 26.2694
-47 32 -31.5 30.3109 -31.5 26.2694 -29.75 27.2798
-41 32 -24.5 30.3109 -26.25 27.2798 -24.5 26.2694
-40 32 -24.5 30.3109 -24.5 26.2694 -22.75 27.2798
-34 32 -17.5 30.3109 -19.25 27.2798 -17.5 26.2694
-33 32 -17.5 30.3109 -17.5 26.2694 -15.75 27.2798
-27 32 -10.5 30.3109 -12.25 27.2798 -10.5 26.2694
-26 32 -10.5 30.3109 -10.5 26.2694 -8.75 27.2798
-20 32 -3.5 30.3109 -5.25 27.2798 -3.5 26.2694
-19 32 -3.5 30.3109 -3.5 26.2694 -1.75 27.2798
-13 32 3.5 30.3109 1.75 27.2798 3.5 26.2694
-12 32 3.5 30.3109 3.5 26.2694 5.25 27.2798
-6 32 10.5 30.3109 8.75 27.2798 10.5 26.2694
-5 32 10.5 30.3109 10.5 26.2694 12.25 27.2798
1 32 17.5 30.3109 15.75 27.2798 17.5 26.2694
2 32 17.5 30.3109 17.5 26.2694 19.25 27.2798
8 32 24.5 30.3109 22.75 27.2798 24.5 26.2694
9 32 24.5 30.3109 24.5 26.2694 26.25 27.2798
15 32 31.5 30.3109 29.75 27.2798 31.5 26.2694
16 32 31.5 30.3109 31.5 26.2694 33.25 27.2798
22 32 38.5 30.3109 36.75 27.2798 38.5 26.2694
23 32 38.5 30.3109 38.5 26.2694 40.25 27.2798
29 32 45.5 30.3109 43.75 27.2798 45.5 26.2694
30 32 45.5 30.3109 45.5 26.2694 47.25 27.2798
36 32 52.5 30.3109 50.75 27.2798 52.5 26.2694
37 32 52.5 30.3109 52.5 26.2694 54.25 27.2798
43 32 59.5 30.3109 57.75 27.2798 59.5 26.2694
44 32 59.5 30.3109 59.5 26.2694 61.25 27.2798
50 32 66.5 30.3109 64.75 27.2798 66.5 26.2694
51 32 66.5 30.3109 66.5 26.2694 68.25 27.2798
57 32 73.5 30.3109 71.75 27.2798 73.5 26.2694
58 32 73.5 30.3109 73.5 26.2694 75.25 27.2798
64 32 80.5 30.3109 78.75 27.2798 80.5 26.2694
65 32 80.5 30.3109 80.5 26.2694 82.25 27.2798
-67 33 -52.5 30.3109 -50.75 27.2798 -49 28.2902
-64 33 -45.5 30.3109 -49 28.2902 -47.25 27.2798
-60 33 -45.5 30.3109 -43.75 27.2798 -42 28.2902
-57 33 -38.5 30.3109 -42 28.2902 -40.25 27.2798
-53 33 -38.5 30.3109 -36.75 27.2798 -35 28.2902
-50 33 -31.5 30.3109 -35 28.2902 -33.25 27.2798
-46 33 -31.5 30.3109 -29.75 27.2798 -28 28.2902
-43 33 -24.5 30.3109 -28 28.2902 -26.25 27.2798
-39 33 -24.5 30.3109 -22.75 27.2798 -21 28.2902
-36 33 -17.5 30.3109 -21 28.2902 -19.25 27.2798
-32 33 -17.5 30.3109 -15.75 27.2798 -14 28.2902
-29 33 -10.5 30.3109 -14 28.2902 -12.25 27.2798
-25 33 -10.5 30.3109 -8.75 27.2798 -7 28.2902
-22 33 -3.5 30.3109 -7 28.2902 -5.25 27.2798
-18 33 -3.5 30.3109 -1.75 27.2798 0 28.2902
-15 33 3.5 30.3109 0 28.2902 1.75 27.2798
-11 33 3.5 30.3109 5.25 27.2798 7 28.2902
-8 33 10.5 30.3109 7 28.2902 8.75 27.2798
-4 33 10.5 30.3109 12.25 27.2798 14 28.2902
-1 33 17.5 30.3109 14 28.2902 15.75 27.2798
3 33 17.5 30.3109 19.25 27.2798 21 28.2902
6 33 24.5 30.3109 21 28.2902 22.75 27.2798
10 33 24.5 30.3109 26.25 27.2798 28 28.2902
13 33 31.5 30.3109 28 28.2902 29.75 27.2798
17 33 31.5 30.3109 33.25 27.2798 35 28.2902
20 33 38.5 30.3109 35 28.2902 36.75 27.2798
24 33 38.5 30.3109 40.25 27.2798 42 28.2902
27 33 45.5 30.3109 42 28.2902 43.75 27.2798
31 33 45.5 30.3109 47.25 27.2798 49 28.2902
34 33 52.5 30.3109 49 28.2902 50.75 27.2798
38 33 52.5 30.3109 54.25 27.2798 56 28.2902
41 33 59.5 30.3109 56 28.2902 57.75 27.2798
45 33 59.5 30.3109 61.25 27.2798 63 28.2902
48 33 66.5 30.3109 63 28.2902 64.75 27.2798
52 33 66.5 30.3109 68.25 27.2798 70 28.2902
55 33 73.5 30.3109 70 28.2902 71.75 27.2798
59 33 73.5 30.3109 75.25 27.2798 77 28.2902
62 33 80.5 30.3109 77 28.2902 78.75 27.2798
66 33 80.5 30.3109 82.25 27.2798 84 28.2902
69 33 87.5 30.3109 84 28.2902 85.75 27.2798
-67 34 -52.5 30.3109 -49 28.2902 -49 30.3109
-65 34 -45.5 30.3109 -49 30.3109 -49 28.2902
-60 34 -45.5 30.3109 -42 28.2902 -42 30.3109
-58 34 -38.5 30.3109 -42 30.3109 -42 28.2902
-53 34 -38.5 30.3109 -35 28.2902 -35 30.3109
-51 34 -31.5 30.3109 -35 30.3109 -35 28.2902
-46 34 -31.5 30.3109 -28 28.2902 -28 30.3109
-44 34 -24.5 30.3109 -28 30.3109 -28 28.2902
-39 34 -24.5 30.3109 -21 28.2902 -21 30.3109
-37 34 -17.5 30.3109 -21 30.3109 -21 28.2902
-32 34 -17.5 30.3109 -14 28.2902 -14 30.3109
-30 34 -10.5 30.3109 -14 30.3109 -14 28.2902
-25 34 -10.5 30.3109 -7 28.2902 -7 30.3109
-23 34 -3.5 30.3109 -7 30.3109 -7 28.2902
-18 34 -3.5 30.3109 0 28.2902 0 30.3109
-16 34 3.5 30.3109 0 30.3109 0 28.2902
-11 34 3.5 30.3109 7 28.2902 7 30.3109
-9 34 10.5 30.3109 7 30.3109 7 28.2902
-4 34 10.5 30.3109 14 28.2902 14 30.3109
-2 34 17.5 30.3109 14 30.3109 14 28.2902
3 34 17.5 30.3109 21 28.2902 21 30.3109
5 34 24.5 30.3109 21 30.3109 21 28.2902
10 34 24.5 30.3109 28 28.2902 28 30.3109
12 34 31.5 30.3109 28 30.3109 28 28.2902
17 34 31.5 30.3109 35 28.2902 35 30.3109
19 34 38.5 30.3109 35 30.3109 35 28.2902
24 34 38.5 30.3109 42 28.2902 42 30.3109
26 34 45.5 30.3109 42 30.3109 42 28.2902
31 34 45.5 30.3109 49 28.2902 49 30.3109
33 34 52.5 30.3109 49 30.3109 49 28.2902
38 34 52.5 30.3109 56 28.2902 56 30.3109
40 34 59.5 30.3109 56 30.3109 56 28.2902
45 34 59.5 30.3109 63 28.2902 63 30.3109
47 34 66.5 30.3109 63 30.3109 63 28.2902
52 34 66.5 30.3109 70 28.2902 70 30.3109
54 34 73.5 30.3109 70 30.3109 70 28.2902
59 34 73.5 30.3109 77 28.2902 77 30.3109
61 34 80.5 30.3109 77 30.3109 77 28.2902
66 34 80.5 30.3109 84 28.2902 84 30.3109
68 34 87.5 30.3109 84 30.3109 84 28.2902
-68 36 -52.5 30.3109 -49 30.3109 -49 32.3316
-66 36 -45.5 30.3109 -49 32.3316 -49 30.3109
-61 36 -45.5 30.3109 -42 30.3109 -42 32.3316
-59 36 -38.5 30.3109 -42 32.3316 -42 30.3109
-54 36 -38.5 30.3109 -35 30.3109 -35 32.3316
-52 36 -31.5 30.3109 -35 32.3316 -35 30.3109
-47 36 -31.5 30.3109 -28 30.3109 -28 32.3316
-45 36 -24.5 30.3109 -28 32.3316 -28 30.3109
-40 36 -24.5 30.3109 -21 30.3109 -21 32.3316
-38 36 -17.5 30.3109 -21 32.3316 -21 30.3109
-33 36 -17.5 30.3109 -14 30.3109 -14 32.3316
-31 36 -10.5 30.3109 -14 32.3316 -14 30.3109
-26 36 -10.5 30.3109 -7 30.3109 -7 32.3316
-24 36 -3.5 30.3109 -7 32.3316 -7 30.3109
-19 36 -3.5 30.3109 0 30.3109 0 32.3316
-17 36 3.5 30.3109 0 32.3316 0 30.3109
-12 36 3.5 30.3109 7 30.3109 7 32.3316
-10 36 10.5 30.3109 7 32.3316 7 30.3109
-5 36 10.5 30.3109 14 30.3109 14 32.3316
-3 36 17.5 30.3109 14 32.3316 14 30.3109
2 36 17.5 30.3109 21 30.3109 21 32.3316
4 36 24.5 30.3109 21 32.3316 21 30.3109
9 36 24.5 30.3109 28 30.3109 28 32.3316
11 36 31.5 30.3109 28 32.3316 28 30.3109
16 36 31.5 30.3109 35 30.3109 35 32.3316
18 36 38.5 30.3109 35 32.3316 35 30.3109
23 36 38.5 30.3109 42 30.3109 42 32.3316
25 36 45.5 30.3109 42 32.3316 42 30.3109
30 36 45.5 30.3109 49 30.3109 49 32.3316
32 36 52.5 30.3109 49 32.3316 49 30.3109
37 36 52.5 30.3109 56 30.3109 56 32.3316
39 36 59.5 30.3109 56 32.3316 56 30.3109
44 36 59.5 30.3109 63 30.3109 63 32.3316
46 36 66.5 30.3109 63 32.3316 63 30.3109
51 36 66.5 30.3109 70 30.3109 70 32.3316
53 36 73.5 30.3109 70 32.3316 70 30.3109
58 36 73.5 30.3109 77 30.3109 77 32.3316
60 36 80.5 30.3109 77 32.3316 77 30.3109
65 36 80.5 30.3109 84 30.3109 84 32.3316
67 36 87.5 30.3109 84 32.3316 84 30.3109
-69 37 -49 32.3316 -50.75 33.342 -52.5 30.3109
-66 37 -45.5 30.3109 -47.25 33.342 -49 32.3316
-62 37 -42 32.3316 -43.75 33.342 -45.5 30.3109
-59 37 -38.5 30.3109 -40.25 33.342 -42 32.3316
-55 37 -35 32.3316 -36.75 33.342 -38.5 30.3109
-52 37 -31.5 30.3109 -33.25 33.342 -35 32.3316
-48 37 -28 32.3316 -29.75 33.342 -31.5 30.3109
-45 37 -24.5 30.3109 -26.25 33.342 -28 32.3316
-41 37 -21 32.3316 -22.75 33.342 -24.5 30.3109
-38 37 -17.5 30.3109 -19.25 33.342 -21 32.3316
-34 37 -14 32.3316 -15.75 33.342 -17.5 30.3109
-31 37 -10.5 30.3109 -12.25 33.342 -14 32.3316
-27 37 -7 32.3316 -8.75 33.342 -10.5 30.3109
-24 37 -3.5 30.3109 -5.25 33.342 -7 32.3316
-20 37 0 32.3316 -1.75 33.342 -3.5 30.3109
-17 37 3.5 30.3109 1.75 33.342 0 32.3316
-13 37 7 32.3316 5.25 33.342 3.5 30.3109
-10 37 10.5 30.3109 8.75 33.342 7 32.3316
-6 37 14 32.3316 12.25 33.342 10.5 30.3109
-3 37 17.5 30.3109 15.75 33.342 14 32.3316
1 37 21 32.3316 19.25 33.342 17.5 30.3109
4 37 24.5 30.3109 22.75 33.342 21 32.3316
8 37 28 32.3316 26.25 33.342 24.5 30.3109
11 37 31.5 30.3109 29.75 33.342 28 32.3316
15 37 35 32.3316 33.25 33.342 31.5 30.3109
18 37 38.5 30.3109 36.75 33.342 35 32.3316
22 37 42 32.3316 40.25 33.342 38.5 30.3109
25 37 45.5 30.3109 43.75 33.342 42 32.3316
29 37 49 32.3316 47.25 33.342 45.5 30.3109
32 37 52.5 30.3109 50.75 33.342 49 32.3316
36 37 56 32.3316 54.25 33.342 52.5 30.3109
39 37 59.5 30.3109 57.75 33.342 56 32.3316
43 37 63 32.3316 61.25 33.342 59.5 30.3109
46 37 66.5 30.3109 64.75 33.342 63 32.3316
50 37 70 32.3316 68.25 33.342 66.5 30.3109
53 37 73.5 30.3109 71.75 33.342 70 32.3316
57 37 77 32.3316 75.25 33.342 73.5 30.3109
60 37 80.5 30.3109 78.75 33.342 77 32.3316
64 37 84 32.3316 82.25 33.342 80.5 30.3109
67 37 87.5 30.3109 85.75 33.342 84 32.3316
-65 38 -45.5 30.3109 -45.5 34.3523 -47.25 33.342
-64 38 -45.5 30.3109 -43.75 33.342 -45.5 34.3523
-58 38 -38.5 30.3109 -38.5 34.3523 -40.25 33.342
-57 38 -38.5 30.3109 -36.75 33.342 -38.5 34.3523
-51 38 -31.5 30.3109 -31.5 34.3523 -33.25 33.342
-50 38 -31.5 30.3109 -29.75 33.342 -31.5 34.3523
-44 38 -24.5 30.3109 -24.5 34.3523 -26.25 33.342
-43 38 -24.5 30.3109 -22.75 33.342 -24.5 34.3523
-37 38 -17.5 30.3109 -17.5 34.3523 -19.25 33.342
-36 38 -17.5 30.3109 -15.75 33.342 -17.5 34.3523
-30 38 -10.5 30.3109 -10.5 34.3523 -12.25 33.342
-29 38 -10.5 30.3109 -8.75 33.342 -10.5 34.3523
-23 38 -3.5 30.3109 -3.5 34.3523 -5.25 33.342
-22 38 -3.5 30.3109 -1.75 33.342 -3.5 34.3523
-16 38 3.5 30.3109 3.5 34.3523 1.75 33.342
-15 38 3.5 30.3109 5.25 33.342 3.5 34.3523
-9 38 10.5 30.3109 10.5 34.3523 8.75 33.342
-8 38 10.5 30.3109 12.25 33.342 10.5 34.3523
-2 38 17.5 30.3109 17.5 34.3523 15.75 33.342
-1 38 17.5 30.3109 19.25 33.342 17.5 34.3523
5 38 24.5 30.3109 24.5 34.3523 22.75 33.342
6 38 24.5 30.3109 26.25 33.342 24.5 34.3523
12 38 31.5 30.3109 31.5 34.3523 29.75 33.342
13 38 31.5 30.3109 33.25 33.342 31.5 34.3523
19 38 38.5 30.3109 38.5 34.3523 36.75 33.342
20 38 38.5 30.3109 40.25 33.342 38.5 34.3523
26 38 45.5 30.3109 45.5 34.3523 43.75 33.342
27 38 45.5 30.3109 47.25 33.342 45.5 34.3523
33 38 52.5 30.3109 52.5 34.3523 50.75 33.342
34 38 52.5 30.3109 54.25 33.342 52.5 34.3523
40 38 59.5 30.3109 59.5 34.3523 57.75 33.342
41 38 59.5 30.3109 61.25 33.342 59.5 34.3523
47 38 66.5 30.3109 66.5 34.3523 64.75 33.342
48 38 66.5 30.3109 68.25 33.342 66.5 34.3523
54 38 73.5 30.3109 73.5 34.3523 71.75 33.342
55 38 73.5 30.3109 75.25 33.342 73.5 34.3523
61 38 80.5 30.3109 80.5 34.3523 78.75 33.342
62 38 80.5 30.3109 82.25 33.342 80.5 34.3523
68 38 87.5 30.3109 87.5 34.3523 85.75 33.342
69 38 87.5 30.3109 89.25 33.342 87.5 34.3523
-69 39 -49 36.3731 -50.75 33.342 -49 32.3316
-68 39 -49 36.3731 -49 32.3316 -47.25 33.342
-62 39 -42 36.3731 -43.75 33.342 -42 32.3316
-61 39 -42 36.3731 -42 32.3316 -40.25 33.342
-55 39 -35 36.3731 -36.75 33.342 -35 32.3316
-54 39 -35 36.3731 -35 32.3316 -33.25 33.342
-48 39 -28 36.3731 -29.75 33.342 -28 32.3316
-47 39 -28 36.3731 -28 32.3316 -26.25 33.342
-41 39 -21 36.3731 -22.75 33.342 -21 32.3316
-40 39 -21 36.3731 -21 32.3316 -19.25 33.342
-34 39 -14 36.3731 -15.75 33.342 -14 32.3316
-33 39 -14 36.3731 -14 32.3316 -12.25 33.342
-27 39 -7 36.3731 -8.75 33.342 -7 32.3316
-26 39 -7 36.3731 -7 32.3316 -5.25 33.342
-20 39 0 36.3731 -1.75 33.342 0 32.3316
-19 39 0 36.3731 0 32.3316 1.75 33.342
-13 39 7 36.3731 5.25 33.342 7 32.3316
-12 39 7 36.3731 7 32.3316 8.75 33.342
-6 39 14 36.3731 12.25 33.342 14 32.3316
-5 39 14 36.3731 14 32.3316 15.75 33.342
1 39 21 36.3731 19.25 33.342 21 32.3316
2 39 21 36.3731 21 32.3316 22.75 33.342
8 39 28 36.3731 26.25 33.342 28 32.3316
9 39 28 36.3731 28 32.3316 29.75 33.342
15 39 35 36.3731 33.25 33.342 35 32.3316
16 39 35 36.3731 35 32.3316 36.75 33.342
22 39 42 36.3731 40.25 33.342 42 32.3316
23 39 42 36.3731 42 32.3316 43.75 33.342
29 39 49 36.3731 47.25 33.342 49 32.3316
30 39 49 36.3731 49 32.3316 50.75 33.342
36 39 56 36.3731 54.25 33.342 56 32.3316
37 39 56 36.3731 56 32.3316 57.75 33.342
43 39 63 36.3731 61.25 33.342 63 32.3316
44 39 63 36.3731 63 32.3316 64.75 33.342
50 39 70 36.3731 68.25 33.342 70 32.3316
51 39 70 36.3731 70 32.3316 71.75 33.342
57 39 77 36.3731 75.25 33.342 77 32.3316
58 39 77 36.3731 77 32.3316 78.75 33.342
64 39 84 36.3731 82.25 33.342 84 32.3316
65 39 84 36.3731 84 32.3316 85.75 33.342
-67 40 -49 36.3731 -47.25 33.342 -45.5 34.3523
-64 40 -42 36.3731 -45.5 34.3523 -43.75 33.342
-60 40 -42 36.3731 -40.25 33.342 -38.5 34.3523
-57 40 -35 36.3731 -38.5 34.3523 -36.75 33.342
-53 40 -35 36.3731 -33.25 33.342 -31.5 34.3523
-50 40 -28 36.3731 -31.5 34.3523 -29.75 33.342
-46 40 -28 36.3731 -26.25 33.342 -24.5 34.3523
-43 40 -21 36.3731 -24.5 34.3523 -22.75 33.342
-39 40 -21 36.3731 -19.25 33.342 -17.5 34.3523
-36 40 -14 36.3731 -17.5 34.3523 -15.75 33.342
-32 40 -14 36.3731 -12.25 33.342 -10.5 34.3523
-29 40 -7 36.3731 -10.5 34.3523 -8.75 33.342
-25 40 -7 36.3731 -5.25 33.342 -3.5 34.3523
-22 40 0 36.3731 -3.5 34.3523 -1.75 33.342
-18 40 0 36.3731 1.75 33.342 3.5 34.3523
-15 40 7 36.3731 3.5 34.3523 5.25 33.342
-11 40 7 36.3731 8.75 33.342 10.5 34.3523
-8 40 14 36.3731 10.5 34.3523 12.25 33.342
-4 40 14 36.3731 15.75 33.342 17.5 34.3523
-1 40 21 36.3731 17.5 34.3523 19.25 33.342
3 40 21 36.3731 22.75 33.342 24.5 34.3523
6 40 28 36.3731 24.5 34.3523 26.25 33.342
10 40 28 36.3731 29.75 33.342 31.5 34.3523
13 40 35 36.3731 31.5 34.3523 33.25 33.342
17 40 35 36.3731 36.75 33.342 38.5 34.3523
20 40 42 36.3731 38.5 34.3523 40.25 33.342
24 40 42 36.3731 43.75 33.342 45.5 34.3523
27 40 49 36.3731 45.5 34.3523 47.25 33.342
31 40 49 36.3731 50.75 33.342 52.5 34.3523
34 40 56 36.3731 52.5 34.3523 54.25 33.342
38 40 56 36.3731 57.75 33.342 59.5 34.3523
41 40 63 36.3731 59.5 34.3523 61.25 33.342
45 40 63 36.3731 64.75 33.342 66.5 34.3523
48 40 70 36.3731 66.5 34.3523 68.25 33.342
52 40 70 36.3731 71.75 33.342 73.5 34.3523
55 40 77 36.3731 73.5 34.3523 75.25 33.342
59 40 77 36.3731 78.75 33.342 80.5 34.3523
62 40 84 36.3731 80.5 34.3523 82.25 33.342
66 40 84 36.3731 85.75 33.342 87.5 34.3523
69 40 91 36.3731 87.5 34.3523 89.25 33.342
-67 41 -49 36.3731 -45.5 34.3523 -45.5 36.3731
-65 41 -42 36.3731 -45.5 36.3731 -45.5 34.3523
-60 41 -42 36.3731 -38.5 34.3523 -38.5 36.3731
-58 41 -35 36.3731 -38.5 36.3731 -38.5 34.3523
-53 41 -35 36.3731 -31.5 34.3523 -31.5 36.3731
-51 41 -28 36.3731 -31.5 36.3731 -31.5 34.3523
-46 41 -28 36.3731 -24.5 34.3523 -24.5 36.3731
-44 41 -21 36.3731 -24.5 36.3731 -24.5 34.3523
-39 41 -21 36.3731 -17.5 34.3523 -17.5 36.3731
-37 41 -14 36.3731 -17.5 36.3731 -17.5 34.3523
-32 41 -14 36.3731 -10.5 34.3523 -10.5 36.3731
-30 41 -7 36.3731 -10.5 36.3731 -10.5 34.3523
-25 41 -7 36.3731 -3.5 34.3523 -3.5 36.3731
-23 41 0 36.3731 -3.5 36.3731 -3.5 34.3523
-18 41 0 36.3731 3.5 34.3523 3.5 36.3731
-16 41 7 36.3731 3.5 36.3731 3.5 34.3523
-11 41 7 36.3731 10.5 34.3523 10.5 36.3731
-9 41 14 36.3731 10.5 36.3731 10.5 34.3523
-4 41 14 36.3731 17.5 34.3523 17.5 36.3731
-2 41 21 36.3731 17.5 36.3731 17.5 34.3523
3 41 21 36.3731 24.5 34.3523 24.5 36.3731
5 41 28 36.3731 24.5 36.3731 24.5 34.3523
10 41 28 36.3731 31.5 34.3523 31.5 36.3731
12 41 35 36.3731 31.5 36.3731 31.5 34.3523
17 41 35 36.3731 38.5 34.3523 38.5 36.3731
19 41 42 36.3731 38.5 36.3731 38.5 34.3523
24 41 42 36.3731 45.5 34.3523 45.5 36.3731
26 41 49 36.3731 45.5 36.3731 45.5 34.3523
31 41 49 36.3731 52.5 34.3523 52.5 36.3731
33 41 56 36.3731 52.5 36.3731 52.5 34.3523
38 41 56 36.3731 59.5 34.3523 59.5 36.3731
40 41 63 36.3731 59.5 36.3731 59.5 34.3523
45 41 63 36.3731 66.5 34.3523 66.5 36.3731
47 41 70 36.3731 66.5 36.3731 66.5 34.3523
52 41 70 36.3731 73.5 34.3523 73.5 36.3731
54 41 77 36.3731 73.5 36.3731 73.5 34.3523
59 41 77 36.3731 80.5 34.3523 80.5 36.3731
61 41 84 36.3731 80.5 36.3731 80.5 34.3523
66 41 84 36.3731 87.5 34.3523 87.5 36.3731
68 41 91 36.3731 87.5 36.3731 87.5 34.3523
-68 43 -49 36.3731 -45.5 36.3731 -45.5 38.3938
-66 43 -42 36.3731 -45.5 38.3938 -45.5 36.3731
-61 43 -42 36.3731 -38.5 36.3731 -38.5 38.3938
-59 43 -35 36.3731 -38.5 38.3938 -38.5 36.3731
-54 43 -35 36.3731 -31.5 36.3731 -31.5 38.3938
-52 43 -28 36.3731 -31.5 38.3938 -31.5 36.3731
-47 43 -28 36.3731 -24.5 36.3731 -24.5 38.3938
-45 43 -21 36.3731 -24.5 38.3938 -24.5 36.3731
-40 43 -21 36.3731 -17.5 36.3731 -17.5 38.3938
-38 43 -14 36.3731 -17.5 38.3938 -17.5 36.3731
-33 43 -14 36.3731 -10.5 36.3731 -10.5 38.3938
-31 43 -7 36.3731 -10.5 38.3938 -10.5 36.3731
-26 43 -7 36.3731 -3.5 36.3731 -3.5 38.3938
-24 43 0 36.3731 -3.5 38.3938 -3.5 36.3731
-19 43 0 36.3731 3.5 36.3731 3.5 38.3938
-17 43 7 36.3731 3.5 38.3938 3.5 36.3731
-12 43 7 36.3731 10.5 36.3731 10.5 38.3938
-10 43 14 36.3731 10.5 38.3938 10.5 36.3731
-5 43 14 36.3731 17.5 36.3731 17.5 38.3938
-3 43 21 36.3731 17.5 38.3938 17.5 36.3731
2 43 21 36.3731 24.5 36.3731 24.5 38.3938
4 43 28 36.3731 24.5 38.3938 24.5 36.3731
9 43 28 36.3731 31.5 36.3731 31.5 38.3938
11 43 35 36.3731 31.5 38.3938 31.5 36.3731
16 43 35 36.3731 38.5 36.3731 38.5 38.3938
18 43 42 36.3731 38.5 38.3938 38.5 36.3731
23 43 42 36.3731 45.5 36.3731 45.5 38.3938
25 43 49 36.3731 45.5 38.3938 45.5 36.3731
30 43 49 36.3731 52.5 36.3731 52.5 38.3938
32 43 56 36.3731 52.5 38.3938 52.5 36.3731
37 43 56 36.3731 59.5 36.3731 59.5 38.3938
39 43 63 36.3731 59.5 38.3938 59.5 36.3731
44 43 63 36.3731 66.5 36.3731 66.5 38.3938
46 43 70 36.3731 66.5 38.3938 66.5 36.3731
51 43 70 36.3731 73.5 36.3731 73.5 38.3938
53 43 77 36.3731 73.5 38.3938 73.5 36.3731
58 43 77 36.3731 80.5 36.3731 80.5 38.3938
60 43 84 36.3731 80.5 38.3938 80.5 36.3731
65 43 84 36.3731 87.5 36.3731 87.5 38.3938
67 43 91 36.3731 87.5 38.3938 87.5 36.3731
-69 44 -45.5 38.3938 -47.25 39.4042 -49 36.3731
-66 44 -42 36.3731 -43.75 39.4042 -45.5 38.3938
-62 44 -38.5 38.3938 -40.25 39.4042 -42 36.3731
-59 44 -35 36.3731 -36.75 39.4042 -38.5 38.3938
-55 44 -31.5 38.3938 -33.25 39.4042 -35 36.3731
-52 44 -28 36.3731 -29.75 39.4042 -31.5 38.3938
-48 44 -24.5 38.3938 -26.25 39.4042 -28 36.3731
-45 44 -21 36.3731 -22.75 39.4042 -24.5 38.3938
-41 44 -17.5 38.3938 -19.25 39.4042 -21 36.3731
-38 44 -14 36.3731 -15.75 39.4042 -17.5 38.3938
-34 44 -10.5 38.3938 -12.25 39.4042 -14 36.3731
-31 44 -7 36.3731 -8.75 39.4042 -10.5 38.3938
-27 44 -3.5 38.3938 -5.25 39.4042 -7 36.3731
-24 44 0 36.3731 -1.75 39.4042 -3.5 38.3938
-20 44 3.5 38.3938 1.75 39.4042 0 36.3731
-17 44 7 36.3731 5.25 39.4042 3.5 38.3938
-13 44 10.5 38.3938 8.75 39.4042 7 36.3731
-10 44 14 36.3731 12.25 39.4042 10.5 38.3938
-6 44 17.5 38.3938 15.75 39.4042 14 36.3731
-3 44 21 36.3731 19.25 39.4042 17.5 38.3938
1 44 24.5 38.3938 22.75 39.4042 21 36.3731
4 44 28 36.3731 26.25 39.4042 24.5 38.3938
8 44 31.5 38.3938 29.75 39.4042 28 36.3731
11 44 35 36.3731 33.25 39.4042 31.5 38.3938
15 44 38.5 38.3938 36.75 39.4042 35 36.3731
18 44 42 36.3731 40.25 39.4042 38.5 38.3938
22 44 45.5 38.3938 43.75 39.4042 42 36.3731
25 44 49 36.3731 47.25 39.4042 45.5 38.3938
29 44 52.5 38.3938 50.75 39.4042 49 36.3731
32 44 56 36.3731 54.25 39.4042 52.5 38.3938
36 44 59.5 38.3938 57.75 39.4042 56 36.3731
39 44 63 36.3731 61.25 39.4042 59.5 38.3938
43 44 66.5 38.3938 64.75 39.4042 63 36.3731
46 44 70 36.3731 68.25 39.4042 66.5 38.3938
50 44 73.5 38.3938 71.75 39.4042 70 36.3731
53 44 77 36.3731 75.25 39.4042 73.5 38.3938
57 44 80.5 38.3938 78.75 39.4042 77 36.3731
60 44 84 36.3731 82.25 39.4042 80.5 38.3938
64 44 87.5 38.3938 85.75 39.4042 84 36.3731
67 44 91 36.3731 89.25 39.4042 87.5 38.3938
-65 45 -42 36.3731 -42 40.4145 -43.75 39.4042
-64 45 -42 36.3731 -40.25 39.4042 -42 40.4145
-58 45 -35 36.3731 -35 40.4145 -36.75 39.4042
-57 45 -35 36.3731 -33.25 39.4042 -35 40.4145
-51 45 -28 36.3731 -28 40.4145 -29.75 39.4042
-50 45 -28 36.3731 -26.25 39.4042 -28 40.4145
-44 45 -21 36.3731 -21 40.4145 -22.75 39.4042
-43 45 -21 36.3731 -19.25 39.4042 -21 40.4145
-37 45 -14 36.3731 -14 40.4145 -15.75 39.4042
-36 45 -14 36.3731 -12.25 39.4042 -14 40.4145
-30 45 -7 36.3731 -7 40.4145 -8.75 39.4042
-29 45 -7 36.3731 -5.25 39.4042 -7 40.4145
-23 45 0 36.3731 0 40.4145 -1.75 39.4042
-22 45 0 36.3731 1.75 39.4042 0 40.4145
-16 45 7 36.3731 7 40.4145 5.25 39.4042
-15 45 7 36.3731 8.75 39.4042 7 40.4145
-9 45 14 36.3731 14 40.4145 12.25 39.4042
-8 45 14 36.3731 15.75 39.4042 14 40.4145
-2 45 21 36.3731 21 40.4145 19.25 39.4042
-1 45 21 36.3731 22.75 39.4042 21 40.4145
5 45 28 36.3731 28 40.4145 26.25 39.4042
6 45 28 36.3731 29.75 39.4042 28 40.4145
12 45 35 36.3731 35 40.4145 33.25 39.4042
13 45 35 36.3731 36.75 39.4042 35 40.4145
19 45 42 36.3731 42 40.4145 40.25 39.4042
20 45 42 36.3731 43.75 39.4042 42 40.4145
26 45 49 36.3731 49 40.4145 47.25 39.4042
27 45 49 36.3731 50.75 39.4042 49 40.4145
33 45 56 36.3731 56 40.4145 54.25 39.4042
34 45 56 36.3731 57.75 39.4042 56 40.4145
40 45 63 36.3731 63 40.4145 61.25 39.4042
41 45 63 36.3731 64.75 39.4042 63 40.4145
47 45 70 36.3731 70 40.4145 68.25 39.4042
48 45 70 36.3731 71.75 39.4042 70 40.4145
54 45 77 36.3731 77 40.4145 75.25 39.4042
55 45 77 36.3731 78.75 39.4042 77 40.4145
61 45 84 36.3731 84 40.4145 82.25 39.4042
62 45 84 36.3731 85.75 39.4042 84 40.4145
68 45 91 36.3731 91 40.4145 89.25 39.4042
69 45 91 36.3731 92.75 39.4042 91 40.4145
-69 46 -45.5 42.4352 -47.25 39.4042 -45.5 38.3938
-68 46 -45.5 42.4352 -45.5 38.3938 -43.75 39.4042
-62 46 -38.5 42.4352 -40.25 39.4042 -38.5 38.3938
-61 46 -38.5 42.4352 -38.5 38.3938 -36.75 39.4042
-55 46 -31.5 42.4352 -33.25 39.4042 -31.5 38.3938
-54 46 -31.5 42.4352 -31.5 38.3938 -29.75 39.4042
-48 46 -24.5 42.4352 -26.25 39.4042 -24.5 38.3938
-47 46 -24.5 42.4352 -24.5 38.3938 -22.75 39.4042
-41 46 -17.5 42.4352 -19.25 39.4042 -17.5 38.3938
-40 46 -17.5 42.4352 -17.5 38.3938 -15.75 39.4042
-34 46 -10.5 42.4352 -12.25 39.4042 -10.5 38.3938
-33 46 -10.5 42.4352 -10.5 38.3938 -8.75 39.4042
-27 46 -3.5 42.4352 -5.25 39.4042 -3.5 38.3938
-26 46 -3.5 42.4352 -3.5 38.3938 -1.75 39.4042
-20 46 3.5 42.4352 1.75 39.4042 3.5 38.3938
-19 46 3.5 42.4352 3.5 38.3938 5.25 39.4042
-13 46 10.5 42.4352 8.75 39.4042 10.5 38.3938
-12 46 10.5 42.4352 10.5 38.3938 12.25 39.4042
-6 46 17.5 42.4352 15.75 39.4042 17.5 38.3938
-5 46 17.5 42.4352 17.5 38.3938 19.25 39.4042
1 46 24.5 42.4352 22.75 39.4042 24.5 38.3938
2 46 24.5 42.4352 24.5 38.3938 26.25 39.4042
8 46 31.5 42.4352 29.75 39.4042 31.5 38.3938
9 46 31.5 42.4352 31.5 38.3938 33.25 39.4042
15 46 38.5 42.4352 36.75 39.4042 38.5 38.3938
16 46 38.5 42.4352 38.5 38.3938 40.25 39.4042
22 46 45.5 42.4352 43.75 39.4042 45.5 38.3938
23 46 45.5 42.4352 45.5 38.3938 47.25 39.4042
29 46 52.5 42.4352 50.75 39.4042 52.5 38.3938
30 46 52.5 42.4352 52.5 38.3938 54.25 39.4042
36 46 59.5 42.4352 57.75 39.4042 59.5 38.3938
37 46 59.5 42.4352 59.5 38.3938 61.25 39.4042
43 46 66.5 42.4352 64.75 39.4042 66.5 38.3938
44 46 66.5 42.4352 66.5 38.3938 68.25 39.4042
50 46 73.5 42.4352 71.75 39.4042 73.5 38.3938
51 46 73.5 42.4352 73.5 38.3938 75.25 39.4042
57 46 80.5 42.4352 78.75 39.4042 80.5 38.3938
58 46 80.5 42.4352 80.5 38.3938 82.25 39.4042
64 46 87.5 42.4352 85.75 39.4042 87.5 38.3938
65 46 87.5 42.4352 87.5 38.3938 89.25 39.4042
-67 47 -45.5 42.4352 -43.75 39.4042 -42 40.4145
-64 47 -38.5 42.4352 -42 40.4145 -40.25 39.4042
-60 47 -38.5 42.4352 -36.75 39.4042 -35 40.4145
-57 47 -31.5 42.4352 -35 40.4145 -33.25 39.4042
-53 47 -31.5 42.4352 -29.75 39.4042 -28 40.4145
-50 47 -24.5 42.4352 -28 40.4145 -26.25 39.4042
-46 47 -24.5 42.4352 -22.75 39.4042 -21 40.4145
-43 47 -17.5 42.4352 -21 40.4145 -19.25 39.4042
-39 47 -17.5 42.4352 -15.75 39.4042 -14 40.4145
-36 47 -10.5 42.4352 -14 40.4145 -12.25 39.4042
-32 47 -10.5 42.4352 -8.75 39.4042 -7 40.4145
-29 47 -3.5 42.4352 -7 40.4145 -5.25 39.4042
-25 47 -3.5 42.4352 -1.75 39.4042 0 40.4145
-22 47 3.5 42.4352 0 40.4145 1.75 39.4042
-18 47 3.5 42.4352 5.25 39.4042 7 40.4145
-15 47 10.5 42.4352 7 40.4145 8.75 39.4042
-11 47 10.5 42.4352 12.25 39.4042 14 40.4145
-8 47 17.5 42.4352 14 40.4145 15.75 39.4042
-4 47 17.5 42.4352 19.25 39.4042 21 40.4145
-1 47 24.5 42.4352 21 40.4145 22.75 39.4042
3 47 24.5 42.4352 26.25 39.4042 28 40.4145
6 47 31.5 42.4352 28 40.4145 29.75 39.4042
10 47 31.5 42.4352 33.25 39.4042 35 40.4145
13 47 38.5 42.4352 35 40.4145 36.75 39.4042
17 47 38.5 42.4352 40.25 39.4042 42 40.4145
20 47 45.5 42.4352 42 40.4145 43.75 39.4042
24 47 45.5 42.4352 47.25 39.4042 49 40.4145
27 47 52.5 42.4352 49 40.4145 50.75 39.4042
31 47 52.5 42.4352 54.25 39.4042 56 40.4145
34 47 59.5 42.4352 56 40.4145 57.75 39.4042
38 47 59.5 42.4352 61.25 39.4042 63 40.4145
41 47 66.5 42.4352 63 40.4145 64.75 39.4042
45 47 66.5 42.4352 68.25 39.4042 70 40.4145
48 47 73.5 42.4352 70 40.4145 71.75 39.4042
52 47 73.5 42.4352 75.25 39.4042 77 40.4145
55 47 80.5 42.4352 77 40.4145 78.75 39.4042
59 47 80.5 42.4352 82.25 39.4042 84 40.4145
62 47 87.5 42.4352 84 40.4145 85.75 39.4042
66 47 87.5 42.4352 89.25 39.4042 91 40.4145
69 47 94.5 42.4352 91 40.4145 92.75 39.4042
-67 48 -45.5 42.4352 -42 40.4145 -42 42.4352
-65 48 -38.5 42.4352 -42 42.4352 -42 40.4145
-60 48 -38.5 42.4352 -35 40.4145 -35 42.4352
-58 48 -31.5 42.4352 -35 42.4352 -35 40.4145
-53 48 -31.5 42.4352 -28 40.4145 -28 42.4352
-51 48 -24.5 42.4352 -28 42.4352 -28 40.4145
-46 48 -24.5 42.4352 -21 40.4145 -21 42.4352
-44 48 -17.5 42.4352 -21 42.4352 -21 40.4145
-39 48 -17.5 42.4352 -14 40.4145 -14 42.4352
-37 48 -10.5 42.4352 -14 42.4352 -14 40.4145
-32 48 -10.5 42.4352 -7 40.4145 -7 42.4352
-30 48 -3.5 42.4352 -7 42.4352 -7 40.4145
-25 48 -3.5 42.4352 0 40.4145 0 42.4352
-23 48 3.5 42.4352 0 42.4352 0 40.4145
-18 48 3.5 42.4352 7 40.4145 7 42.4352
-16 48 10.5 42.4352 7 42.4352 7 40.4145
-11 48 10.5 42.4352 14 40.4145 14 42.4352
-9 48 17.5 42.4352 14 42.4352 14 40.4145
-4 48 17.5 42.4352 21 40.4145 21 42.4352
-2 48 24.5 42.4352 21 42.4352 21 40.4145
3 48 24.5 42.4352 28 40.4145 28 42.4352
5 48 31.5 42.4352 28 42.4352 28 40.4145
10 48 31.5 42.4352 35 40.4145 35 42.4352
12 48 38.5 42.4352 35 42.4352 35 40.4145
17 48 38.5 42.4352 42 40.4145 42 42.4352
19 48 45.5 42.4352 42 42.4352 42 40.4145
24 48 45.5 42.4352 49 40.4145 49 42.4352
26 48 52.5 42.4352 49 42.4352 49 40.4145
31 48 52.5 42.4352 56 40.4145 56 42.4352
33 48 59.5 42.4352 56 42.4352 56 40.4145
38 48 59.5 42.4352 63 40.4145 63 42.4352
40 48 66.5 42.4352 63 42.4352 63 40.4145
45 48 66.5 42.4352 70 40.4145 70 42.4352
47 48 73.5 42.4352 70 42.4352 70 40.4145
52 48 73.5 42.4352 77 40.4145 77 42.4352
54 48 80.5 42.4352 77 42.4352 77 40.4145
59 48 80.5 42.4352 84 40.4145 84 42.4352
61 48 87.5 42.4352 84 42.4352 84 40.4145
66 48 87.5 42.4352 91 40.4145 91 42.4352
68 48 94.5 42.4352 91 42.4352 91 40.4145
-68 50 -45.5 42.4352 -42 42.4352 -42 44.456
-66 50 -38.5 42.4352 -42 44.456 -42 42.4352
-61 50 -38.5 42.4352 -35 42.4352 -35 44.456
-59 50 -31.5 42.4352 -35 44.456 -35 42.4352
-54 50 -31.5 42.4352 -28 42.4352 -28 44.456
-52 50 -24.5 42.4352 -28 44.456 -28 42.4352
-47 50 -24.5 42.4352 -21 42.4352 -21 44.456
-45 50 -17.5 42.4352 -21 44.456 -21 42.4352
-40 50 -17.5 42.4352 -14 42.4352 -14 44.456
-38 50 -10.5 42.4352 -14 44.456 -14 42.4352
-33 50 -10.5 42.4352 -7 42.4352 -7 44.456
-31 50 -3.5 42.4352 -7 44.456 -7 42.4352
-26 50 -3.5 42.4352 0 42.4352 0 44.456
-24 50 3.5 42.4352 0 44.456 0 42.4352
-19 50 3.5 42.4352 7 42.4352 7 44.456
-17 50 10.5 42.4352 7 44.456 7 42.4352
-12 50 10.5 42.4352 14 42.4352 14 44.456
-10 50 17.5 42.4352 14 44.456 14 42.4352
-5 50 17.5 42.4352 21 42.4352 21 44.456
-3 50 24.5 42.4352 21 44.456 21 42.4352
2 50 24.5 42.4352 28 42.4352 28 44.456
4 50 31.5 42.4352 28 44.456 28 42.4352
9 50 31.5 42.4352 35 42.4352 35 44.456
11 50 38.5 42.4352 35 44.456 35 42.4352
16 50 38.5 42.4352 42 42.4352 42 44.456
18 50 45.5 42.4352 42 44.456 42 42.4352
23 50 45.5 42.4352 49 42.4352 49 44.456
25 50 52.5 42.4352 49 44.456 49 42.4352
30 50 52.5 42.4352 56 42.4352 56 44.456
32 50 59.5 42.4352 56 44.456 56 42.4352
37 50 59.5 42.4352 63 42.4352 63 44.456
39 50 66.5 42.4352 63 44.456 63 42.4352
44 50 66.5 42.4352 70 42.4352 70 44.456
46 50 73.5 42.4352 70 44.456 70 42.4352
51 50 73.5 42.4352 77 42.4352 77 44.456
53 50 80.5 42.4352 77 44.456 77 42.4352
58 50 80.5 42.4352 84 42.4352 84 44.456
60 50 87.5 42.4352 84 44.456 84 42.4352
65 50 87.5 42.4352 91 42.4352 91 44.456
67 50 94.5 42.4352 91 44.456 91 42.4352
-69 51 -42 44.456 -43.75 45.4663 -45.5 42.4352
-66 51 -38.5 42.4352 -40.25 45.4663 -42 44.456
-62 51 -35 44.456 -36.75 45.4663 -38.5 42.4352
-59 51 -31.5 42.4352 -33.25 45.4663 -35 44.456
-55 51 -28 44.456 -29.75 45.4663 -31.5 42.4352
-52 51 -24.5 42.4352 -26.25 45.4663 -28 44.456
-48 51 -21 44.456 -22.75 45.4663 -24.5 42.4352
-45 51 -17.5 42.4352 -19.25 45.4663 -21 44.456
-41 51 -14 44.456 -15.75 45.4663 -17.5 42.4352
-38 51 -10.5 42.4352 -12.25 45.4663 -14 44.456
-34 51 -7 44.456 -8.75 45.4663 -10.5 42.4352
-31 51 -3.5 42.4352 -5.25 45.4663 -7 44.456
-27 51 0 44.456 -1.75 45.4663 -3.5 42.4352
-24 51 3.5 42.4352 1.75 45.4663 0 44.456
-20 51 7 44.456 5.25 45.4663 3.5 42.4352
-17 51 10.5 42.4352 8.75 45.4663 7 44.456
-13 51 14 44.456 12.25 45.4663 10.5 42.4352
-10 51 17.5 42.4352 15.75 45.4663 14 44.456
-6 51 21 44.456 19.25 45.4663 17.5 42.4352
-3 51 24.5 42.4352 22.75 45.4663 21 44.456
1 51 28 44.456 26.25 45.4663 24.5 42.4352
4 51 31.5 42.4352 29.75 45.4663 28 44.456
8 51 35 44.456 33.25 45.4663 31.5 42.4352
11 51 38.5 42.4352 36.75 45.4663 35 44.456
15 51 42 44.456 40.25 45.4663 38.5 42.4352
18 51 45.5 42.4352 43.75 45.4663 42 44.456
22 51 49 44.456 47.25 45.4663 45.5 42.4352
25 51 52.5 42.4352 50.75 45.4663 49 44.456
29 51 56 44.456 54.25 45.4663 52.5 42.4352
32 51 59.5 42.4352 57.75 45.4663 56 44.456
36 51 63 44.456 61.25 45.4663 59.5 42.4352
39 51 66.5 42.4352 64.75 45.4663 63 44.456
43 51 70 44.456 68.25 45.4663 66.5 42.4352
46 51 73.5 42.4352 71.75 45.4663 70 44.456
50 51 77 44.456 75.25 45.4663 73.5 42.4352
53 51 80.5 42.4352 78.75 45.4663 77 44.456
57 51 84 44.456 82.25 45.4663 80.5 42.4352
60 51 87.5 42.4352 85.75 45.4663 84 44.456
64 51 91 44.456 89.25 45.4663 87.5 42.4352
67 51 94.5 42.4352 92.75 45.4663 91 44.456
-65 52 -38.5 42.4352 -38.5 46.4767 -40.25 45.4663
-64 52 -38.5 42.4352 -36.75 45.4663 -38.5 46.4767
-58 52 -31.5 42.4352 -31.5 46.4767 -33.25 45.4663
-57 52 -31.5 42.4352 -29.75 45.4663 -31.5 46.4767
-51 52 -24.5 42.4352 -24.5 46.4767 -26.25 45.4663
-50 52 -24.5 42.4352 -22.75 45.4663 -24.5 46.4767
-44 52 -17.5 42.4352 -17.5 46.4767 -19.25 45.4663
-43 52 -17.5 42.4352 -15.75 45.4663 -17.5 46.4767
-37 52 -10.5 42.4352 -10.5 46.4767 -12.25 45.4663
-36 52 -10.5 42.4352 -8.75 45.4663 -10.5 46.4767
-30 52 -3.5 42.4352 -3.5 46.4767 -5.25 45.4663
-29 52 -3.5 42.4352 -1.75 45.4663 -3.5 46.4767
-23 52 3.5 42.4352 3.5 46.4767 1.75 45.4663
-22 52 3.5 42.4352 5.25 45.4663 3.5 46.4767
-16 52 10.5 42.4352 10.5 46.4767 8.75 45.4663
-15 52 10.5 42.4352 12.25 45.4663 10.5 46.4767
-9 52 17.5 42.4352 17.5 46.4767 15.75 45.4663
-8 52 17.5 42.4352 19.25 45.4663 17.5 46.4767
-2 52 24.5 42.4352 24.5 46.4767 22.75 45.4663
-1 52 24.5 42.4352 26.25 45.4663 24.5 46.4767
5 52 31.5 42.4352 31.5 46.4767 29.75 45.4663
6 52 31.5 42.4352 33.25 45.4663 31.5 46.4767
12 52 38.5 42.4352 38.5 46.4767 36.75 45.4663
13 52 38.5 42.4352 40.25 45.4663 38.5 46.4767
19 52 45.5 42.4352 45.5 46.4767 43.75 45.4663
20 52 45.5 42.4352 47.25 45.4663 45.5 46.4767
26 52 52.5 42.4352 52.5 46.4767 50.75 45.4663
27 52 52.5 42.4352 54.25 45.4663 52.5 46.4767
33 52 59.5 42.4352 59.5 46.4767 57.75 45.4663
34 52 59.5 42.4352 61.25 45.4663 59.5 46.4767
40 52 66.5 42.4352 66.5 46.4767 64.75 45.4663
41 52 66.5 42.4352 68.25 45.4663 66.5 46.4767
47 52 73.5 42.4352 73.5 46.4767 71.75 45.4663
48 52 73.5 42.4352 75.25 45.4663 73.5 46.4767
54 52 80.5 42.4352 80.5 46.4767 78.75 45.4663
55 52 80.5 42.4352 82.25 45.4663 80.5 46.4767
61 52 87.5 42.4352 87.5 46.4767 85.75 45.4663
62 52 87.5 42.4352 89.25 45.4663 87.5 46.4767
68 52 94.5 42.4352 94.5 46.4767 92.75 45.4663
69 52 94.5 42.4352 96.25 45.4663 94.5 46.4767
-69 53 -42 48.4974 -43.75 45.4663 -42 44.456
-68 53 -42 48.4974 -42 44.456 -40.25 45.4663
-62 53 -35 48.4974 -36.75 45.4663 -35 44.456
-61 53 -35 48.4974 -35 44.456 -33.25 45.4663
-55 53 -28 48.4974 -29.75 45.4663 -28 44.456
-54 53 -28 48.4974 -28 44.456 -26.25 45.4663
-48 53 -21 48.4974 -22.75 45.4663 -21 44.456
-47 53 -21 48.4974 -21 44.456 -19.25 45.4663
-41 53 -14 48.4974 -15.75 45.4663 -14 44.456
-40 53 -14 48.4974 -14 44.456 -12.25 45.4663
-34 53 -7 48.4974 -8.75 45.4663 -7 44.456
-33 53 -7 48.4974 -7 44.456 -5.25 45.4663
-27 53 0 48.4974 -1.75 45.4663 0 44.456
-26 53 0 48.4974 0 44.456 1.75 45.4663
-20 53 7 48.4974 5.25 45.4663 7 44.456
-19 53 7 48.4974 7 44.456 8.75 45.4663
-13 53 14 48.4974 12.25 45.4663 14 44.456
-12 53 14 48.4974 14 44.456 15.75 45.4663
-6 53 21 48.4974 19.25 45.4663 21 44.456
-5 53 21 48.4974 21 44.456 22.75 45.4663
1 53 28 48.4974 26.25 45.4663 28 44.456
2 53 28 48.4974 28 44.456 29.75 45.4663
8 53 35 48.4974 33.25 45.4663 35 44.456
9 53 35 48.4974 35 44.456 36.75 45.4663
15 53 42 48.4974 40.25 45.4663 42 44.456
16 53 42 48.4974 42 44.456 43.75 45.4663
22 53 49 48.4974 47.25 45.4663 49 44.456
23 53 49 48.4974 49 44.456 50.75 45.4663
29 53 56 48.4974 54.25 45.4663 56 44.456
30 53 56 48.4974 56 44.456 57.75 45.4663
36 53 63 48.4974 61.25 45.4663 63 44.456
37 53 63 48.4974 63 44.456 64.75 45.4663
43 53 70 48.4974 68.25 45.4663 70 44.456
44 53 70 48.4974 70 44.456 71.75 45.4663
50 53 77 48.4974 75.25 45.4663 77 44.456
51 53 77 48.4974 77 44.456 78.75 45.4663
57 53 84 48.4974 82.25 45.4663 84 44.456
58 53 84 48.4974 84 44.456 85.75 45.4663
64 53 91 48.4974 89.25 45.4663 91 44.456
65 53 91 48.4974 91 44.456 92.75 45.4663
-67 54 -42 48.4974 -40.25 45.4663 -38.5 46.4767
-64 54 -35 48.4974 -38.5 46.4767 -36.75 45.4663
-60 54 -35 48.4974 -33.25 45.4663 -31.5 46.4767
-57 54 -28 48.4974 -31.5 46.4767 -29.75 45.4663
-53 54 -28 48.4974 -26.25 45.4663 -24.5 46.4767
-50 54 -21 48.4974 -24.5 46.4767 -22.75 45.4663
-46 54 -21 48.4974 -19.25 45.4663 -17.5 46.4767
-43 54 -14 48.4974 -17.5 46.4767 -15.75 45.4663
-39 54 -14 48.4974 -12.25 45.4663 -10.5 46.4767
-36 54 -7 48.4974 -10.5 46.4767 -8.75 45.4663
-32 54 -7 48.4974 -5.25 45.4663 -3.5 46.4767
-29 54 0 48.4974 -3.5 46.4767 -1.75 45.4663
-25 54 0 48.4974 1.75 45.4663 3.5 46.4767
-22 54 7 48.4974 3.5 46.4767 5.25 45.4663
-18 54 7 48.4974 8.75 45.4663 10.5 46.4767
-15 54 14 48.4974 10.5 46.4767 12.25 45.4663
-11 54 14 48.4974 15.75 45.4663 17.5 46.4767
-8 54 21 48.4974 17.5 46.4767 19.25 45.4663
-4 54 21 48.4974 22.75 45.4663 24.5 46.4767
-1 54 28 48.4974 24.5 46.4767 26.25 45.4663
3 54 28 48.4974 29.75 45.4663 31.5 46.4767
6 54 35 48.4974 31.5 46.4767 33.25 45.4663
10 54 35 48.4974 36.75 45.4663 38.5 46.4767
13 54 42 48.4974 38.5 46.4767 40.25 45.4663
17 54 42 48.4974 43.75 45.4663 45.5 46.4767
20 54 49 48.4974 45.5 46.4767 47.25 45.4663
24 54 49 48.4974 50.75 45.4663 52.5 46.4767
27 54 56 48.4974 52.5 46.4767 54.25 45.4663
31 54 56 48.4974 57.75 45.4663 59.5 46.4767
34 54 63 48.4974 59.5 46.4767 61.25 45.4663
38 54 63 48.4974 64.75 45.4663 66.5 46.4767
41 54 70 48.4974 66.5 46.4767 68.25 45.4663
45 54 70 48.4974 71.75 45.4663 73.5 46.4767
48 54 77 48.4974 73.5 46.4767 75.25 45.4663
52 54 77 48.4974 78.75 45.4663 80.5 46.4767
55 54 84 48.4974 80.5 46.4767 82.25 45.4663
59 54 84 48.4974 85.75 45.4663 87.5 46.4767
62 54 91 48.4974 87.5 46.4767 89.25 45.4663
66 54 91 48.4974 92.75 45.4663 94.5 46.4767
69 54 98 48.4974 94.5 46.4767 96.25 45.4663
-67 55 -42 48.4974 -38.5 46.4767 -38.5 48.4974
-65 55 -35 48.4974 -38.5 48.4974 -38.5 46.4767
-60 55 -35 48.4974 -31.5 46.4767 -31.5 48.4974
-58 55 -28 48.4974 -31.5 48.4974 -31.5 46.4767
-53 55 -28 48.4974 -24.5 46.4767 -24.5 48.4974
-51 55 -21 48.4974 -24.5 48.4974 -24.5 46.4767
-46 55 -21 48.4974 -17.5 46.4767 -17.5 48.4974
-44 55 -14 48.4974 -17.5 48.4974 -17.5 46.4767
-39 55 -14 48.4974 -10.5 46.4767 -10.5 48.4974
-37 55 -7 48.4974 -10.5 48.4974 -10.5 46.4767
-32 55 -7 48.4974 -3.5 46.4767 -3.5 48.4974
-30 55 0 48.4974 -3.5 48.4974 -3.5 46.4767
-25 55 0 48.4974 3.5 46.4767 3.5 48.4974
-23 55 7 48.4974 3.5 48.4974 3.5 46.4767
-18 55 7 48.4974 10.5 46.4767 10.5 48.4974
-16 55 14 48.4974 10.5 48.4974 10.5 46.4767
-11 55 14 48.4974 17.5 46.4767 17.5 48.4974
-9 55 21 48.4974 17.5 48.4974 17.5 46.4767
-4 55 21 48.4974 24.5 46.4767 24.5 48.4974
-2 55 28 48.4974 24.5 48.4974 24.5 46.4767
3 55 28 48.4974 31.5 46.4767 31.5 48.4974
5 55 35 48.4974 31.5 48.4974 31.5 46.4767
10 55 35 48.4974 38.5 46.4767 38.5 48.4974
12 55 42 48.4974 38.5 48.4974 38.5 46.4767
17 55 42 48.4974 45.5 46.4767 45.5 48.4974
19 55 49 48.4974 45.5 48.4974 45.5 46.4767
24 55 49 48.4974 52.5 46.4767 52.5 48.4974
26 55 56 48.4974 52.5 48.4974 52.5 46.4767
31 55 56 48.4974 59.5 46.4767 59.5 48.4974
33 55 63 48.4974 59.5 48.4974 59.5 46.4767
38 55 63 48.4974 66.5 46.4767 66.5 48.4974
40 55 70 48.4974 66.5 48.4974 66.5 46.4767
45 55 70 48.4974 73.5 46.4767 73.5 48.4974
47 55 77 48.4974 73.5 48.4974 73.5 46.4767
52 55 77 48.4974 80.5 46.4767 80.5 48.4974
54 55 84 48.4974 80.5 48.4974 80.5 46.4767
59 55 84 48.4974 87.5 46.4767 87.5 48.4974
61 55 91 48.4974 87.5 48.4974 87.5 46.4767
66 55 91 48.4974 94.5 46.4767 94.5 48.4974
68 55 98 48.4974 94.5 48.4974 94.5 46.4767
-68 57 -42 48.4974 -38.5 48.4974 -38.5 50.5181
-66 57 -35 48.4974 -38.5 50.5181 -38.5 48.4974
-61 57 -35 48.4974 -31.5 48.4974 -31.5 50.5181
-59 57 -28 48.4974 -31.5 50.5181 -31.5 48.4974
-54 57 -28 48.4974 -24.5 48.4974 -24.5 50.5181
-52 57 -21 48.4974 -24.5 50.5181 -24.5 48.4974
-47 57 -21 48.4974 -17.5 48.4974 -17.5 50.5181
-45 57 -14 48.4974 -17.5 50.5181 -17.5 48.4974
-40 57 -14 48.4974 -10.5 48.4974 -10.5 50.5181
-38 57 -7 48.4974 -10.5 50.5181 -10.5 48.4974
-33 57 -7 48.4974 -3.5 48.4974 -3.5 50.5181
-31 57 0 48.4974 -3.5 50.5181 -3.5 48.4974
-26 57 0 48.4974 3.5 48.4974 3.5 50.5181
-24 57 7 48.4974 3.5 50.5181 3.5 48.4974
-19 57 7 48.4974 10.5 48.4974 10.5 50.5181
-17 57 14 48.4974 10.5 50.5181 10.5 48.4974
-12 57 14 48.4974 17.5 48.4974 17.5 50.5181
-10 57 21 48.4974 17.5 50.5181 17.5 48.4974
-5 57 21 48.4974 24.5 48.4974 24.5 50.5181
-3 57 28 48.4974 24.5 50.5181 24.5 48.4974
2 57 28 48.4974 31.5 48.4974 31.5 50.5181
4 57 35 48.4974 31.5 50.5181 31.5 48.4974
9 57 35 48.4974 38.5 48.4974 38.5 50.5181
11 57 42 48.4974 38.5 50.5181 38.5 48.4974
16 57 42 48.4974 45.5 48.4974 45.5 50.5181
18 57 49 48.4974 45.5 50.5181 45.5 48.4974
23 57 49 48.4974 52.5 48.4974 52.5 50.5181
25 57 56 48.4974 52.5 50.5181 52.5 48.4974
30 57 56 48.4974 59.5 48.4974 59.5 50.5181
32 57 63 48.4974 59.5 50.5181 59.5 48.4974
37 57 63 48.4974 66.5 48.4974 66.5 50.5181
39 57 70 48.4974 66.5 50.5181 66.5 48.4974
44 57 70 48.4974 73.5 48.4974 73.5 50.5181
46 57 77 48.4974 73.5 50.5181 73.5 48.4974
51 57 77 48.4974 80.5 48.4974 80.5 50.5181
53 57 84 48.4974 80.5 50.5181 80.5 48.4974
58 57 84 48.4974 87.5 48.4974 87.5 50.5181
60 57 91 48.4974 87.5 50.5181 87.5 48.4974
65 57 91 48.4974 94.5 48.4974 94.5 50.5181
67 57 98 48.4974 94.5 50.5181 94.5 48.4974
-69 58 -38.5 50.5181 -40.25 51.5285 -42 48.4974
-66 58 -35 48.4974 -36.75 51.5285 -38.5 50.5181
-62 58 -31.5 50.5181 -33.25 51.5285 -35 48.4974
-59 58 -28 48.4974 -29.75 51.5285 -31.5 50.5181
-55 58 -24.5 50.5181 -26.25 51.5285 -28 48.4974
-52 58 -21 48.4974 -22.75 51.5285 -24.5 50.5181
-48 58 -17.5 50.5181 -19.25 51.5285 -21 48.4974
-45 58 -14 48.4974 -15.75 51.5285 -17.5 50.5181
-41 58 -10.5 50.5181 -12.25 51.5285 -14 48.4974
-38 58 -7 48.4974 -8.75 51.5285 -10.5 50.5181
-34 58 -3.5 50.5181 -5.25 51.5285 -7 48.4974
-31 58 0 48.4974 -1.75 51.5285 -3.5 50.5181
-27 58 3.5 50.5181 1.75 51.5285 0 48.4974
-24 58 7 48.4974 5.25 51.5285 3.5 50.5181
-20 58 10.5 50.5181 8.75 51.5285 7 48.4974
-17 58 14 48.4974 12.25 51.5285 10.5 50.5181
-13 58 17.5 50.5181 15.75 51.5285 14 48.4974
-10 58 21 48.4974 19.25 51.5285 17.5 50.5181
-6 58 24.5 50.5181 22.75 51.5285 21 48.4974
-3 58 28 48.4974 26.25 51.5285 24.5 50.5181
1 58 31.5 50.5181 29.75 51.5285 28 48.4974
4 58 35 48.4974 33.25 51.5285 31.5 50.5181
8 58 38.5 50.5181 36.75 51.5285 35 48.4974
11 58 42 48.4974 40.25 51.5285 38.5 50.5181
15 58 45.5 50.5181 43.75 51.5285 42 48.4974
18 58 49 48.4974 47.25 51.5285 45.5 50.5181
22 58 52.5 50.5181 50.75 51.5285 49 48.4974
25 58 56 48.4974 54.25 51.5285 52.5 50.5181
29 58 59.5 50.5181 57.75 51.5285 56 48.4974
32 58 63 48.4974 61.25 51.5285 59.5 50.5181
36 58 66.5 50.5181 64.75 51.5285 63 48.4974
39 58 70 48.4974 68.25 51.5285 66.5 50.5181
43 58 73.5 50.5181 71.75 51.5285 70 48.4974
46 58 77 48.4974 75.25 51.5285 73.5 50.5181
50 58 80.5 50.5181 78.75 51.5285 77 48.4974
53 58 84 48.4974 82.25 51.5285 80.5 50.5181
57 58 87.5 50.5181 85.75 51.5285 84 48.4974
60 58 91 48.4974 89.25 51.5285 87.5 50.5181
64 58 94.5 50.5181 92.75 51.5285 91 48.4974
67 58 98 48.4974 96.25 51.5285 94.5 50.5181
-65 59 -35 48.4974 -35 52.5389 -36.75 51.5285
-64 59 -35 48.4974 -33.25 51.5285 -35 52.5389
-58 59 -28 48.4974 -28 52.5389 -29.75 51.5285
-57 59 -28 48.4974 -26.25 51.5285 -28 52.5389
-51 59 -21 48.4974 -21 52.5389 -22.75 51.5285
-50 59 -21 48.4974 -19.25 51.5285 -21 52.5389
-44 59 -14 48.4974 -14 52.5389 -15.75 51.5285
-43 59 -14 48.4974 -12.25 51.5285 -14 52.5389
-37 59 -7 48.4974 -7 52.5389 -8.75 51.5285
-36 59 -7 48.4974 -5.25 51.5285 -7 52.5389
-30 59 0 48.4974 0 52.5389 -1.75 51.5285
-29 59 0 48.4974 1.75 51.5285 0 52.5389
-23 59 7 48.4974 7 52.5389 5.25 51.5285
-22 59 7 48.4974 8.75 51.5285 7 52.5389
-16 59 14 48.4974 14 52.5389 12.25 51.5285
-15 59 14 48.4974 15.75 51.5285 14 52.5389
-9 59 21 48.4974 21 52.5389 19.25 51.5285
-8 59 21 48.4974 22.75 51.5285 21 52.5389
-2 59 28 48.4974 28 52.5389 26.25 51.5285
-1 59 28 48.4974 29.75 51.5285 28 52.5389
5 59 35 48.4974 35 52.5389 33.25 51.5285
6 59 35 48.4974 36.75 51.5285 35 52.5389
12 59 42 48.4974 42 52.5389 40.25 51.5285
13 59 42 48.4974 43.75 51.5285 42 52.5389
19 59 49 48.4974 49 52.5389 47.25 51.5285
20 59 49 48.4974 50.75 51.5285 49 52.5389
26 59 56 48.4974 56 52.5389 54.25 51.5285
27 59 56 48.4974 57.75 51.5285 56 52.5389
33 59 63 48.4974 63 52.5389 61.25 51.5285
34 59 63 48.4974 64.75 51.5285 63 52.5389
40 59 70 48.4974 70 52.5389 68.25 51.5285
41 59 70 48.4974 71.75 51.5285 70 52.5389
47 59 77 48.4974 77 52.5389 75.25 51.5285
48 59 77 48.4974 78.75 51.5285 77 52.5389
54 59 84 48.4974 84 52.5389 82.25 51.5285
55 59 84 48.4974 85.75 51.5285 84 52.5389
61 59 91 48.4974 91 52.5389 89.25 51.5285
62 59 91 48.4974 92.75 51.5285 91 52.5389
68 59 98 48.4974 98 52.5389 96.25 51.5285
69 59 98 48.4974 99.75 51.5285 98 52.5389
-69 60 -38.5 54.5596 -40.25 51.5285 -38.5 50.5181
-68 60 -38.5 54.5596 -38.5 50.5181 -36.75 51.5285
-62 60 -31.5 54.5596 -33.25 51.5285 -31.5 50.5181
-61 60 -31.5 54.5596 -31.5 50.5181 -29.75 51.5285
-55 60 -24.5 54.5596 -26.25 51.5285 -24.5 50.5181
-54 60 -24.5 54.5596 -24.5 50.5181 -22.75 51.5285
-48 60 -17.5 54.5596 -19.25 51.5285 -17.5 50.5181
-47 60 -17.5 54.5596 -17.5 50.5181 -15.75 51.5285
-41 60 -10.5 54.5596 -12.25 51.5285 -10.5 50.5181
-40 60 -10.5 54.5596 -10.5 50.5181 -8.75 51.5285
-34 60 -3.5 54.5596 -5.25 51.5285 -3.5 50.5181
-33 60 -3.5 54.5596 -3.5 50.5181 -1.75 51.5285
-27 60 3.5 54.5596 1.75 51.5285 3.5 50.5181
-26 60 3.5 54.5596 3.5 50.5181 5.25 51.5285
-20 60 10.5 54.5596 8.75 51.5285 10.5 50.5181
-19 60 10.5 54.5596 10.5 50.5181 12.25 51.5285
-13 60 17.5 54.5596 15.75 51.5285 17.5 50.5181
-12 60 17.5 54.5596 17.5 50.5181 19.25 51.5285
-6 60 24.5 54.5596 22.75 51.5285 24.5 50.5181
-5 60 24.5 54.5596 24.5 50.5181 26.25 51.5285
1 60 31.5 54.5596 29.75 51.5285 31.5 50.5181
2 60 31.5 54.5596 31.5 50.5181 33.25 51.5285
8 60 38.5 54.5596 36.75 51.5285 38.5 50.5181
9 60 38.5 54.5596 38.5 50.5181 40.25 51.5285
15 60 45.5 54.5596 43.75 51.5285 45.5 50.5181
16 60 45.5 54.5596 45.5 50.5181 47.25 51.5285
22 60 52.5 54.5596 50.75 51.5285 52.5 50.5181
23 60 52.5 54.5596 52.5 50.5181 54.25 51.5285
29 60 59.5 54.5596 57.75 51.5285 59.5 50.5181
30 60 59.5 54.5596 59.5 50.5181 61.25 51.5285
36 60 66.5 54.5596 64.75 51.5285 66.5 50.5181
37 60 66.5 54.5596 66.5 50.5181 68.25 51.5285
43 60 73.5 54.5596 71.75 51.5285 73.5 50.5181
44 60 73.5 54.5596 73.5 50.5181 75.25 51.5285
50 60 80.5 54.5596 78.75 51.5285 80.5 50.5181
51 60 80.5 54.5596 80.5 50.5181 82.25 51.5285
57 60 87.5 54.5596 85.75 51.5285 87.5 50.5181
58 60 87.5 54.5596 87.5 50.5181 89.25 51.5285
64 60 94.5 54.5596 92.75 51.5285 94.5 50.5181
65 60 94.5 54.5596 94.5 50.5181 96.25 51.5285
-67 61 -38.5 54.5596 -36.75 51.5285 -35 52.5389
-64 61 -31.5 54.5596 -35 52.5389 -33.25 51.5285
-60 61 -31.5 54.5596 -29.75 51.5285 -28 52.5389
-57 61 -24.5 54.5596 -28 52.5389 -26.25 51.5285
-53 61 -24.5 54.5596 -22.75 51.5285 -21 52.5389
-50 61 -17.5 54.5596 -21 52.5389 -19.25 51.5285
-46 61 -17.5 54.5596 -15.75 51.5285 -14 52.5389
-43 61 -10.5 54.5596 -14 52.5389 -12.25 51.5285
-39 61 -10.5 54.5596 -8.75 51.5285 -7 52.5389
-36 61 -3.5 54.5596 -7 52.5389 -5.25 51.5285
-32 61 -3.5 54.5596 -1.75 51.5285 0 52.5389
-29 61 3.5 54.5596 0 52.5389 1.75 51.5285
-25 61 3.5 54.5596 5.25 51.5285 7 52.5389
-22 61 10.5 54.5596 7 52.5389 8.75 51.5285
-18 61 10.5 54.5596 12.25 51.5285 14 52.5389
-15 61 17.5 54.5596 14 52.5389 15.75 51.5285
-11 61 17.5 54.5596 19.25 51.5285 21 52.5389
-8 61 24.5 54.5596 21 52.5389 22.75 51.5285
-4 61 24.5 54.5596 26.25 51.5285 28 52.5389
-1 61 31.5 54.5596 28 52.5389 29.75 51.5285
3 61 31.5 54.5596 33.25 51.5285 35 52.5389
6 61 38.5 54.5596 35 52.5389 36.75 51.5285
10 61 38.5 54.5596 40.25 51.5285 42 52.5389
13 61 45.5 54.5596 42 52.5389 43.75 51.5285
17 61 45.5 54.5596 47.25 51.5285 49 52.5389
20 61 52.5 54.5596 49 52.5389 50.75 51.5285
24 61 52.5 54.5596 54.25 51.5285 56 52.5389
27 61 59.5 54.5596 56 52.5389 57.75 51.5285
31 61 59.5 54.5596 61.25 51.5285 63 52.5389
34 61 66.5 54.5596 63 52.5389 64.75 51.5285
38 61 66.5 54.5596 68.25 51.5285 70 52.5389
41 61 73.5 54.5596 70 52.5389 71.75 51.5285
45 61 73.5 54.5596 75.25 51.5285 77 52.5389
48 61 80.5 54.5596 77 52.5389 78.75 51.5285
52 61 80.5 54.5596 82.25 51.5285 84 52.5389
55 61 87.5 54.5596 84 52.5389 85.75 51.5285
59 61 87.5 54.5596 89.25 51.5285 91 52.5389
62 61 94.5 54.5596 91 52.5389 92.75 51.5285
66 61 94.5 54.5596 96.25 51.5285 98 52.5389
69 61 101.5 54.5596 98 52.5389 99.75 51.5285
-67 62 -38.5 54.5596 -35 52.5389 -35 54.5596
-65 62 -31.5 54.5596 -35 54.5596 -35 52.5389
-60 62 -31.5 54.5596 -28 52.5389 -28 54.5596
-58 62 -24.5 54.5596 -28 54.5596 -28 52.5389
-53 62 -24.5 54.5596 -21 52.5389 -21 54.5596
-51 62 -17.5 54.5596 -21 54.5596 -21 52.5389
-46 62 -17.5 54.5596 -14 52.5389 -14 54.5596
-44 62 -10.5 54.5596 -14 54.5596 -14 52.5389
-39 62 -10.5 54.5596 -7 52.5389 -7 54.5596
-37 62 -3.5 54.5596 -7 54.5596 -7 52.5389
-32 62 -3.5 54.5596 0 52.5389 0 54.5596
-30 62 3.5 54.5596 0 54.5596 0 52.5389
-25 62 3.5 54.5596 7 52.5389 7 54.5596
-23 62 10.5 54.5596 7 54.5596 7 52.5389
-18 62 10.5 54.5596 14 52.5389 14 54.5596
-16 62 17.5 54.5596 14 54.5596 14 52.5389
-11 62 17.5 54.5596 21 52.5389 21 54.5596
-9 62 24.5 54.5596 21 54.5596 21 52.5389
-4 62 24.5 54.5596 28 52.5389 28 54.5596
-2 62 31.5 54.5596 28 54.5596 28 52.5389
3 62 31.5 54.5596 35 52.5389 35 54.5596
5 62 38.5 54.5596 35 54.5596 35 52.5389
10 62 38.5 54.5596 42 52.5389 42 54.5596
12 62 45.5 54.5596 42 54.5596 42 52.5389
17 62 45.5 54.5596 49 52.5389 49 54.5596
19 62 52.5 54.5596 49 54.5596 49 52.5389
24 62 52.5 54.5596 56 52.5389 56 54.5596
26 62 59.5 54.5596 56 54.5596 56 52.5389
31 62 59.5 54.5596 63 52.5389 63 54.5596
33 62 66.5 54.5596 63 54.5596 63 52.5389
38 62 66.5 54.5596 70 52.5389 70 54.5596
40 62 73.5 54.5596 70 54.5596 70 52.5389
45 62 73.5 54.5596 77 52.5389 77 54.5596
47 62 80.5 54.5596 77 54.5596 77 52.5389
52 62 80.5 54.5596 84 52.5389 84 54.5596
54 62 87.5 54.5596 84 54.5596 84 52.5389
59 62 87.5 54.5596 91 52.5389 91 54.5596
61 62 94.5 54.5596 91 54.5596 91 52.5389
66 62 94.5 54.5596 98 52.5389 98 54.5596
68 62 101.5 54.5596 98 54.5596 98 52.5389
-68 64 -38.5 54.5596 -35 54.5596 -35 56.5803
-66 64 -31.5 54.5596 -35 56.5803 -35 54.5596
-61 64 -31.5 54.5596 -28 54.5596 -28 56.5803
-59 64 -24.5 54.5596 -28 56.5803 -28 54.5596
-54 64 -24.5 54.5596 -21 54.5596 -21 56.5803
-52 64 -17.5 54.5596 -21 56.5803 -21 54.5596
-47 64 -17.5 54.5596 -14 54.5596 -14 56.5803
-45 64 -10.5 54.5596 -14 56.5803 -14 54.5596
-40 64 -10.5 54.5596 -7 54.5596 -7 56.5803
-38 64 -3.5 54.5596 -7 56.5803 -7 54.5596
-33 64 -3.5 54.5596 0 54.5596 0 56.5803
-31 64 3.5 54.5596 0 56.5803 0 54.5596
-26 64 3.5 54.5596 7 54.5596 7 56.5803
-24 64 10.5 54.5596 7 56.5803 7 54.5596
-19 64 10.5 54.5596 14 54.5596 14 56.5803
-17 64 17.5 54.5596 14 56.5803 14 54.5596
-12 64 17.5 54.5596 21 54.5596 21 56.5803
-10 64 24.5 54.5596 21 56.5803 21 54.5596
-5 64 24.5 54.5596 28 54.5596 28 56.5803
-3 64 31.5 54.5596 28 56.5803 28 54.5596
2 64 31.5 54.5596 35 54.5596 35 56.5803
4 64 38.5 54.5596 35 56.5803 35 54.5596
9 64 38.5 54.5596 42 54.5596 42 56.5803
11 64 45.5 54.5596 42 56.5803 42 54.5596
16 64 45.5 54.5596 49 54.5596 49 56.5803
18 64 52.5 54.5596 49 56.5803 49 54.5596
23 64 52.5 54.5596 56 54.5596 56 56.5803
25 64 59.5 54.5596 56 56.5803 56 54.5596
30 64 59.5 54.5596 63 54.5596 63 56.5803
32 64 66.5 54.5596 63 56.5803 63 54.5596
37 64 66.5 54.5596 70 54.5596 70 56.5803
39 64 73.5 54.5596 70 56.5803 70 54.5596
44 64 73.5 54.5596 77 54.5596 77 56.5803
46 64 80.5 54.5596 77 56.5803 77 54.5596
51 64 80.5 54.5596 84 54.5596 84 56.5803
53 64 87.5 54.5596 84 56.5803 84 54.5596
58 64 87.5 54.5596 91 54.5596 91 56.5803
60 64 94.5 54.5596 91 56.5803 91 54.5596
65 64 94.5 54.5596 98 54.5596 98 56.5803
67 64 101.5 54.5596 98 56.5803 98 54.5596
-69 65 -35 56.5803 -36.75 57.5907 -38.5 54.5596
-66 65 -31.5 54.5596 -33.25 57.5907 -35 56.5803
-62 65 -28 56.5803 -29.75 57.5907 -31.5 54.5596
-59 65 -24.5 54.5596 -26.25 57.5907 -28 56.5803
-55 65 -21 56.5803 -22.75 57.5907 -24.5 54.5596
-52 65 -17.5 54.5596 -19.25 57.5907 -21 56.5803
-48 65 -14 56.5803 -15.75 57.5907 -17.5 54.5596
-45 65 -10.5 54.5596 -12.25 57.5907 -14 56.5803
-41 65 -7 56.5803 -8.75 57.5907 -10.5 54.5596
-38 65 -3.5 54.5596 -5.25 57.5907 -7 56.5803
-34 65 0 56.5803 -1.75 57.5907 -3.5 54.5596
-31 65 3.5 54.5596 1.75 57.5907 0 56.5803
-27 65 7 56.5803 5.25 57.5907 3.5 54.5596
-24 65 10.5 54.5596 8.75 57.5907 7 56.5803
-20 65 14 56.5803 12.25 57.5907 10.5 54.5596
-17 65 17.5 54.5596 15.75 57.5907 14 56.5803
-13 65 21 56.5803 19.25 57.5907 17.5 54.5596
-10 65 24.5 54.5596 22.75 57.5907 21 56.5803
-6 65 28 56.5803 26.25 57.5907 24.5 54.5596
-3 65 31.5 54.5596 29.75 57.5907 28 56.5803
1 65 35 56.5803 33.25 57.5907 31.5 54.5596
4 65 38.5 54.5596 36.75 57.5907 35 56.5803
8 65 42 56.5803 40.25 57.5907 38.5 54.5596
11 65 45.5 54.5596 43.75 57.5907 42 56.5803
15 65 49 56.5803 47.25 57.5907 45.5 54.5596
18 65 52.5 54.5596 50.75 57.5907 49 56.5803
22 65 56 56.5803 54.25 57.5907 52.5 54.5596
25 65 59.5 54.5596 57.75 57.5907 56 56.5803
29 65 63 56.5803 61.25 57.5907 59.5 54.5596
32 65 66.5 54.5596 64.75 57.5907 63 56.5803
36 65 70 56.5803 68.25 57.5907 66.5 54.5596
39 65 73.5 54.5596 71.75 57.5907 70 56.5803
43 65 77 56.5803 75.25 57.5907 73.5 54.5596
46 65 80.5 54.5596 78.75 57.5907 77 56.5803
50 65 84 56.5803 82.25 57.5907 80.5 54.5596
53 65 87.5 54.5596 85.75 57.5907 84 56.5803
57 65 91 56.5803 89.25 57.5907 87.5 54.5596
60 65 94.5 54.5596 92.75 57.5907 91 56.5803
64 65 98 56.5803 96.25 57.5907 94.5 54.5596
67 65 101.5 54.5596 99.75 57.5907 98 56.5803
-65 66 -31.5 54.5596 -31.5 58.6011 -33.25 57.5907
-64 66 -31.5 54.5596 -29.75 57.5907 -31.5 58.6011
-58 66 -24.5 54.5596 -24.5 58.6011 -26.25 57.5907
-57 66 -24.5 54.5596 -22.75 57.5907 -24.5 58.6011
-51 66 -17.5 54.5596 -17.5 58.6011 -19.25 57.5907
-50 66 -17.5 54.5596 -15.75 57.5907 -17.5 58.6011
-44 66 -10.5 54.5596 -10.5 58.6011 -12.25 57.5907
-43 66 -10.5 54.5596 -8.75 57.5907 -10.5 58.6011
-37 66 -3.5 54.5596 -3.5 58.6011 -5.25 57.5907
-36 66 -3.5 54.5596 -1.75 57.5907 -3.5 58.6011
-30 66 3.5 54.5596 3.5 58.6011 1.75 57.5907
-29 66 3.5 54.5596 5.25 57.5907 3.5 58.6011
-23 66 10.5 54.5596 10.5 58.6011 8.75 57.5907
-22 66 10.5 54.5596 12.25 57.5907 10.5 58.6011
-16 66 17.5 54.5596 17.5 58.6011 15.75 57.5907
-15 66 17.5 54.5596 19.25 57.5907 17.5 58.6011
-9 66 24.5 54.5596 24.5 58.6011 22.75 57.5907
-8 66 24.5 54.5596 26.25 57.5907 24.5 58.6011
-2 66 31.5 54.5596 31.5 58.6011 29.75 57.5907
-1 66 31.5 54.5596 33.25 57.5907 31.5 58.6011
5 66 38.5 54.5596 38.5 58.6011 36.75 57.5907
6 66 38.5 54.5596 40.25 57.5907 38.5 58.6011
12 66 45.5 54.5596 45.5 58.6011 43.75 57.5907
13 66 45.5 54.5596 47.25 57.5907 45.5 58.6011
19 66 52.5 54.5596 52.5 58.6011 50.75 57.5907
20 66 52.5 54.5596 54.25 57.5907 52.5 58.6011
26 66 59.5 54.5596 59.5 58.6011 57.75 57.5907
27 66 59.5 54.5596 61.25 57.5907 59.5 58.6011
33 66 66.5 54.5596 66.5 58.6011 64.75 57.5907
34 66 66.5 54.5596 68.25 57.5907 66.5 58.6011
40 66 73.5 54.5596 73.5 58.6011 71.75 57.5907
41 66 73.5 54.5596 75.25 57.5907 73.5 58.6011
47 66 80.5 54.5596 80.5 58.6011 78.75 57.5907
48 66 80.5 54.5596 82.25 57.5907 80.5 58.6011
54 66 87.5 54.5596 87.5 58.6011 85.75 57.5907
55 66 87.5 54.5596 89.25 57.5907 87.5 58.6011
61 66 94.5 54.5596 94.5 58.6011 92.75 57.5907
62 66 94.5 54.5596 96.25 57.5907 94.5 58.6011
68 66 101.5 54.5596 101.5 58.6011 99.75 57.5907
69 66 101.5 54.5596 103.25 57.5907 101.5 58.6011
-69 67 -35 60.6218 -36.75 57.5907 -35 56.5803
-68 67 -35 60.6218 -35 56.5803 -33.25 57.5907
-62 67 -28 60.6218 -29.75 57.5907 -28 56.5803
-61 67 -28 60.6218 -28 56.5803 -26.25 57.5907
-55 67 -21 60.6218 -22.75 57.5907 -21 56.5803
-54 67 -21 60.6218 -21 56.5803 -19.25 57.5907
-48 67 -14 60.6218 -15.75 57.5907 -14 56.5803
-47 67 -14 60.6218 -14 56.5803 -12.25 57.5907
-41 67 -7 60.6218 -8.75 57.5907 -7 56.5803
-40 67 -7 60.6218 -7 56.5803 -5.25 57.5907
-34 67 0 60.6218 -1.75 57.5907 0 56.5803
-33 67 0 60.6218 0 56.5803 1.75 57.5907
-27 67 7 60.6218 5.25 57.5907 7 56.5803
-26 67 7 60.6218 7 56.5803 8.75 57.5907
-20 67 14 60.6218 12.25 57.5907 14 56.5803
-19 67 14 60.6218 14 56.5803 15.75 57.5907
-13 67 21 60.6218 19.25 57.5907 21 56.5803
-12 67 21 60.6218 21 56.5803 22.75 57.5907
-6 67 28 60.6218 26.25 57.5907 28 56.5803
-5 67 28 60.6218 28 56.5803 29.75 57.5907
1 67 35 60.6218 33.25 57.5907 35 56.5803
2 67 35 60.6218 35 56.5803 36.75 57.5907
8 67 42 60.6218 40.25 57.5907 42 56.5803
9 67 42 60.6218 42 56.5803 43.75 57.5907
15 67 49 60.6218 47.25 57.5907 49 56.5803
16 67 49 60.6218 49 56.5803 50.75 57.5907
22 67 56 60.6218 54.25 57.5907 56 56.5803
23 67 56 60.6218 56 56.5803 57.75 57.5907
29 67 63 60.6218 61.25 57.5907 63 56.5803
30 67 63 60.6218 63 56.5803 64.75 57.5907
36 67 70 60.6218 68.25 57.5907 70 56.5803
37 67 70 60.6218 70 56.5803 71.75 57.5907
43 67 77 60.6218 75.25 57.5907 77 56.5803
44 67 77 60.6218 77 56.5803 78.75 57.5907
50 67 84 60.6218 82.25 57.5907 84 56.5803
51 67 84 60.6218 84 56.5803 85.75 57.5907
57 67 91 60.6218 89.25 57.5907 91 56.5803
58 67 91 60.6218 91 56.5803 92.75 57.5907
64 67 98 60.6218 96.25 57.5907 98 56.5803
65 67 98 60.6218 98 56.5803 99.75 57.5907
-67 68 -35 60.6218 -33.25 57.5907 -31.5 58.6011
-64 68 -28 60.6218 -31.5 58.6011 -29.75 57.5907
-60 68 -28 60.6218 -26.25 57.5907 -24.5 58.6011
-57 68 -21 60.6218 -24.5 58.6011 -22.75 57.5907
-53 68 -21 60.6218 -19.25 57.5907 -17.5 58.6011
-50 68 -14 60.6218 -17.5 58.6011 -15.75 57.5907
-46 68 -14 60.6218 -12.25 57.5907 -10.5 58.6011
-43 68 -7 60.6218 -10.5 58.6011 -8.75 57.5907
-39 68 -7 60.6218 -5.25 57.5907 -3.5 58.6011
-36 68 0 60.6218 -3.5 58.6011 -1.75 57.5907
-32 68 0 60.6218 1.75 57.5907 3.5 58.6011
-29 68 7 60.6218 3.5 58.6011 5.25 57.5907
-25 68 7 60.6218 8.75 57.5907 10.5 58.6011
-22 68 14 60.6218 10.5 58.6011 12.25 57.5907
-18 68 14 60.6218 15.75 57.5907 17.5 58.6011
-15 68 21 60.6218 17.5 58.6011 19.25 57.5907
-11 68 21 60.6218 22.75 57.5907 24.5 58.6011
-8 68 28 60.6218 24.5 58.6011 26.25 57.5907
-4 68 28 60.6218 29.75 57.5907 31.5 58.6011
-1 68 35 60.6218 31.5 58.6011 33.25 57.5907
3 68 35 60.6218 36.75 57.5907 38.5 58.6011
6 68 42 60.6218 38.5 58.6011 40.25 57.5907
10 68 42 60.6218 43.75 57.5907 45.5 58.6011
13 68 49 60.6218 45.5 58.6011 47.25 57.5907
17 68 49 60.6218 50.75 57.5907 52.5 58.6011
20 68 56 60.6218 52.5 58.6011 54.25 57.5907
24 68 56 60.6218 57.75 57.5907 59.5 58.6011
27 68 63 60.6218 59.5 58.6011 61.25 57.5907
31 68 63 60.6218 64.75 57.5907 66.5 58.6011
34 68 70 60.6218 66.5 58.6011 68.25 57.5907
38 68 70 60.6218 71.75 57.5907 73.5 58.6011
41 68 77 60.6218 73.5 58.6011 75.25 57.5907
45 68 77 60.6218 78.75 57.5907 80.5 58.6011
48 68 84 60.6218 80.5 58.6011 82.25 57.5907
52 68 84 60.6218 85.75 57.5907 87.5 58.6011
55 68 91 60.6218 87.5 58.6011 89.25 57.5907
59 68 91 60.6218 92.75 57.5907 94.5 58.6011
62 68 98 60.6218 94.5 58.6011 96.25 57.5907
66 68 98 60.6218 99.75 57.5907 101.5 58.6011
69 68 105 60.6218 101.5 58.6011 103.25 57.5907
-67 69 -35 60.6218 -31.5 58.6011 -31.5 60.6218
-65 69 -28 60.6218 -31.5 60.6218 -31.5 58.6011
-60 69 -28 60.6218 -24.5 58.6011 -24.5 60.6218
-58 69 -21 60.6218 -24.5 60.6218 -24.5 58.6011
-53 69 -21 60.6218 -17.5 58.6011 -17.5 60.6218
-51 69 -14 60.6218 -17.5 60.6218 -17.5 58.6011
-46 69 -14 60.6218 -10.5 58.6011 -10.5 60.6218
-44 69 -7 60.6218 -10.5 60.6218 -10.5 58.6011
-39 69 -7 60.6218 -3.5 58.6011 -3.5 60.6218
-37 69 0 60.6218 -3.5 60.6218 -3.5 58.6011
-32 69 0 60.6218 3.5 58.6011 3.5 60.6218
-30 69 7 60.6218 3.5 60.6218 3.5 58.6011
-25 69 7 60.6218 10.5 58.6011 10.5 60.6218
-23 69 14 60.6218 10.5 60.6218 10.5 58.6011
-18 69 14 60.6218 17.5 58.6011 17.5 60.6218
-16 69 21 60.6218 17.5 60.6218 17.5 58.6011
-11 69 21 60.6218 24.5 58.6011 24.5 60.6218
-9 69 28 60.6218 24.5 60.6218 24.5 58.6011
-4 69 28 60.6218 31.5 58.6011 31.5 60.6218
-2 69 35 60.6218 31.5 60.6218 31.5 58.6011
3 69 35 60.6218 38.5 58.6011 38.5 60.6218
5 69 42 60.6218 38.5 60.6218 38.5 58.6011
10 69 42 60.6218 45.5 58.6011 45.5 60.6218
12 69 49 60.6218 45.5 60.6218 45.5 58.6011
17 69 49 60.6218 52.5 58.6011 52.5 60.6218
19 69 56 60.6218 52.5 60.6218 52.5 58.6011
24 69 56 60.6218 59.5 58.6011 59.5 60.6218
26 69 63 60.6218 59.5 60.6218 59.5 58.6011
31 69 63 60.6218 66.5 58.6011 66.5 60.6218
33 69 70 60.6218 66.5 60.6218 66.5 58.6011
38 69 70 60.6218 73.5 58.6011 73.5 60.6218
40 69 77 60.6218 73.5 60.6218 73.5 58.6011
45 69 77 60.6218 80.5 58.6011 80.5 60.6218
47 69 84 60.6218 80.5 60.6218 80.5 58.6011
52 69 84 60.6218 87.5 58.6011 87.5 60.6218
54 69 91 60.6218 87.5 60.6218 87.5 58.6011
59 69 91 60.6218 94.5 58.6011 94.5 60.6218
61 69 98 60.6218 94.5 60.6218 94.5 58.6011
66 69 98 60.6218 101.5 58.6011 101.5 60.6218
68 69 105 60.6218 101.5 60.6218 101.5 58.6011
